{
  "23 Get Stock Portfolio Request" : {
    "transaction" : "23 Get Stock Portfolio Request",
    "sampleCount" : 10000,
    "errorCount" : 0,
    "errorPct" : 0.0,
    "meanResTime" : 505.30829999999855,
    "medianResTime" : 448.0,
    "minResTime" : 1.0,
    "maxResTime" : 3081.0,
    "pct1ResTime" : 1036.8999999999996,
    "pct2ResTime" : 1472.0,
    "pct3ResTime" : 1904.9899999999998,
    "throughput" : 72.54367129011666,
    "receivedKBytesPerSec" : 18.91519554146596,
    "sentKBytesPerSec" : 25.048614177844435
  },
  "16 Get Stock Prices Request" : {
    "transaction" : "16 Get Stock Prices Request",
    "sampleCount" : 10000,
    "errorCount" : 0,
    "errorPct" : 0.0,
    "meanResTime" : 104.79540000000006,
    "medianResTime" : 21.0,
    "minResTime" : 0.0,
    "maxResTime" : 2840.0,
    "pct1ResTime" : 290.0,
    "pct2ResTime" : 477.9499999999989,
    "pct3ResTime" : 1192.949999999999,
    "throughput" : 71.09088970248463,
    "receivedKBytesPerSec" : 24.992890911029754,
    "sentKBytesPerSec" : 24.338708933903245
  },
  "14 Register Request" : {
    "transaction" : "14 Register Request",
    "sampleCount" : 10000,
    "errorCount" : 0,
    "errorPct" : 0.0,
    "meanResTime" : 563.7617000000017,
    "medianResTime" : 295.0,
    "minResTime" : 2.0,
    "maxResTime" : 3317.0,
    "pct1ResTime" : 1458.8999999999996,
    "pct2ResTime" : 1857.949999999999,
    "pct3ResTime" : 2539.959999999999,
    "throughput" : 70.91494461542825,
    "receivedKBytesPerSec" : 12.119253230175726,
    "sentKBytesPerSec" : 18.608178421114214
  },
  "19 Place Stock Order Request" : {
    "transaction" : "19 Place Stock Order Request",
    "sampleCount" : 10000,
    "errorCount" : 0,
    "errorPct" : 0.0,
    "meanResTime" : 992.7727999999993,
    "medianResTime" : 783.0,
    "minResTime" : 271.0,
    "maxResTime" : 4210.0,
    "pct1ResTime" : 1934.0,
    "pct2ResTime" : 2260.0,
    "pct3ResTime" : 3364.9799999999996,
    "throughput" : 70.45230379033394,
    "receivedKBytesPerSec" : 12.040188636043398,
    "sentKBytesPerSec" : 33.4770289713083
  },
  "Total" : {
    "transaction" : "Total",
    "sampleCount" : 100000,
    "errorCount" : 16,
    "errorPct" : 0.016,
    "meanResTime" : 641.9689100000124,
    "medianResTime" : 290.0,
    "minResTime" : 0.0,
    "maxResTime" : 5346.0,
    "pct1ResTime" : 875.0,
    "pct2ResTime" : 983.0,
    "pct3ResTime" : 1267.9900000000016,
    "throughput" : 678.2465968977001,
    "receivedKBytesPerSec" : 180.39416804364856,
    "sentKBytesPerSec" : 232.5058345103738
  },
  "20 Get Stock Transactions Request" : {
    "transaction" : "20 Get Stock Transactions Request",
    "sampleCount" : 10000,
    "errorCount" : 8,
    "errorPct" : 0.08,
    "meanResTime" : 732.814800000001,
    "medianResTime" : 522.0,
    "minResTime" : 2.0,
    "maxResTime" : 4149.0,
    "pct1ResTime" : 1734.0,
    "pct2ResTime" : 2287.899999999998,
    "pct3ResTime" : 3221.9799999999996,
    "throughput" : 70.74587374691372,
    "receivedKBytesPerSec" : 34.058169026041554,
    "sentKBytesPerSec" : 24.63511572035217
  },
  "17 Add Money Request" : {
    "transaction" : "17 Add Money Request",
    "sampleCount" : 10000,
    "errorCount" : 0,
    "errorPct" : 0.0,
    "meanResTime" : 1182.3501000000017,
    "medianResTime" : 859.5,
    "minResTime" : 2.0,
    "maxResTime" : 5346.0,
    "pct1ResTime" : 2565.8999999999996,
    "pct2ResTime" : 3491.949999999999,
    "pct3ResTime" : 4342.0,
    "throughput" : 70.38882788523804,
    "receivedKBytesPerSec" : 12.029340703043612,
    "sentKBytesPerSec" : 26.77917523430681
  },
  "18 Get Wallet Balance Request" : {
    "transaction" : "18 Get Wallet Balance Request",
    "sampleCount" : 10000,
    "errorCount" : 0,
    "errorPct" : 0.0,
    "meanResTime" : 764.2048000000007,
    "medianResTime" : 615.0,
    "minResTime" : 3.0,
    "maxResTime" : 3863.0,
    "pct1ResTime" : 1635.7999999999993,
    "pct2ResTime" : 2036.0,
    "pct3ResTime" : 3085.0,
    "throughput" : 70.42551093708185,
    "receivedKBytesPerSec" : 12.92968364860487,
    "sentKBytesPerSec" : 24.24845938692832
  },
  "22 Get Wallet Balance Request" : {
    "transaction" : "22 Get Wallet Balance Request",
    "sampleCount" : 10000,
    "errorCount" : 0,
    "errorPct" : 0.0,
    "meanResTime" : 548.9806999999994,
    "medianResTime" : 508.0,
    "minResTime" : 1.0,
    "maxResTime" : 3390.0,
    "pct1ResTime" : 1116.0,
    "pct2ResTime" : 1445.949999999999,
    "pct3ResTime" : 2017.9899999999998,
    "throughput" : 71.6157955798731,
    "receivedKBytesPerSec" : 13.078275169371357,
    "sentKBytesPerSec" : 24.658290546625466
  },
  "15 Login Request" : {
    "transaction" : "15 Login Request",
    "sampleCount" : 10000,
    "errorCount" : 0,
    "errorPct" : 0.0,
    "meanResTime" : 442.79680000000025,
    "medianResTime" : 197.0,
    "minResTime" : 1.0,
    "maxResTime" : 3552.0,
    "pct1ResTime" : 1189.8999999999996,
    "pct2ResTime" : 1443.949999999999,
    "pct3ResTime" : 2488.99,
    "throughput" : 71.1207203106553,
    "receivedKBytesPerSec" : 24.4183755827454,
    "sentKBytesPerSec" : 16.807826479666588
  },
  "21 Get Wallet Transactions Request" : {
    "transaction" : "21 Get Wallet Transactions Request",
    "sampleCount" : 10000,
    "errorCount" : 8,
    "errorPct" : 0.08,
    "meanResTime" : 581.9037000000002,
    "medianResTime" : 447.0,
    "minResTime" : 1.0,
    "maxResTime" : 3385.0,
    "pct1ResTime" : 1315.8999999999996,
    "pct2ResTime" : 1847.949999999999,
    "pct3ResTime" : 2825.99,
    "throughput" : 70.9748394194258,
    "receivedKBytesPerSec" : 24.39760105042762,
    "sentKBytesPerSec" : 24.784157473206996
  }
}