{
  "23 Get Stock Portfolio Request" : {
    "transaction" : "23 Get Stock Portfolio Request",
    "sampleCount" : 10000,
    "errorCount" : 0,
    "errorPct" : 0.0,
    "meanResTime" : 554.5884000000008,
    "medianResTime" : 423.0,
    "minResTime" : 1.0,
    "maxResTime" : 5501.0,
    "pct1ResTime" : 1249.8999999999996,
    "pct2ResTime" : 1695.0,
    "pct3ResTime" : 2536.9699999999993,
    "throughput" : 69.94474365251452,
    "receivedKBytesPerSec" : 18.237545464083375,
    "sentKBytesPerSec" : 24.151230098534658
  },
  "16 Get Stock Prices Request" : {
    "transaction" : "16 Get Stock Prices Request",
    "sampleCount" : 10000,
    "errorCount" : 0,
    "errorPct" : 0.0,
    "meanResTime" : 136.63839999999982,
    "medianResTime" : 31.0,
    "minResTime" : 0.0,
    "maxResTime" : 4089.0,
    "pct1ResTime" : 308.0,
    "pct2ResTime" : 634.9499999999989,
    "pct3ResTime" : 1872.9699999999993,
    "throughput" : 67.11589572874439,
    "receivedKBytesPerSec" : 23.5954320921367,
    "sentKBytesPerSec" : 22.977828211411715
  },
  "14 Register Request" : {
    "transaction" : "14 Register Request",
    "sampleCount" : 10000,
    "errorCount" : 0,
    "errorPct" : 0.0,
    "meanResTime" : 447.2666,
    "medianResTime" : 280.0,
    "minResTime" : 2.0,
    "maxResTime" : 5423.0,
    "pct1ResTime" : 1049.0,
    "pct2ResTime" : 1244.949999999999,
    "pct3ResTime" : 1873.9599999999991,
    "throughput" : 66.98372295532185,
    "receivedKBytesPerSec" : 11.447413590997389,
    "sentKBytesPerSec" : 17.576620482785184
  },
  "19 Place Stock Order Request" : {
    "transaction" : "19 Place Stock Order Request",
    "sampleCount" : 10000,
    "errorCount" : 0,
    "errorPct" : 0.0,
    "meanResTime" : 1077.5287999999932,
    "medianResTime" : 809.0,
    "minResTime" : 266.0,
    "maxResTime" : 6117.0,
    "pct1ResTime" : 2084.8999999999996,
    "pct2ResTime" : 2462.0,
    "pct3ResTime" : 3429.9799999999996,
    "throughput" : 66.69378880744836,
    "receivedKBytesPerSec" : 11.397864298147914,
    "sentKBytesPerSec" : 31.6910843222077
  },
  "Total" : {
    "transaction" : "Total",
    "sampleCount" : 100000,
    "errorCount" : 44,
    "errorPct" : 0.044,
    "meanResTime" : 654.1653699999973,
    "medianResTime" : 249.0,
    "minResTime" : 0.0,
    "maxResTime" : 6117.0,
    "pct1ResTime" : 699.0,
    "pct2ResTime" : 792.0,
    "pct3ResTime" : 1388.0,
    "throughput" : 643.4178355424012,
    "receivedKBytesPerSec" : 171.12737235193347,
    "sentKBytesPerSec" : 220.56638614319266
  },
  "20 Get Stock Transactions Request" : {
    "transaction" : "20 Get Stock Transactions Request",
    "sampleCount" : 10000,
    "errorCount" : 22,
    "errorPct" : 0.22,
    "meanResTime" : 713.691900000001,
    "medianResTime" : 499.0,
    "minResTime" : 2.0,
    "maxResTime" : 6074.0,
    "pct1ResTime" : 1516.0,
    "pct2ResTime" : 1888.0,
    "pct3ResTime" : 2884.8899999999976,
    "throughput" : 67.18398333837214,
    "receivedKBytesPerSec" : 32.33992891094763,
    "sentKBytesPerSec" : 23.394794868403373
  },
  "17 Add Money Request" : {
    "transaction" : "17 Add Money Request",
    "sampleCount" : 10000,
    "errorCount" : 0,
    "errorPct" : 0.0,
    "meanResTime" : 1183.7594000000042,
    "medianResTime" : 806.0,
    "minResTime" : 1.0,
    "maxResTime" : 5091.0,
    "pct1ResTime" : 2566.8999999999996,
    "pct2ResTime" : 2844.949999999999,
    "pct3ResTime" : 3553.9799999999996,
    "throughput" : 67.02592562803292,
    "receivedKBytesPerSec" : 11.454625961822034,
    "sentKBytesPerSec" : 25.49977122166479
  },
  "18 Get Wallet Balance Request" : {
    "transaction" : "18 Get Wallet Balance Request",
    "sampleCount" : 10000,
    "errorCount" : 0,
    "errorPct" : 0.0,
    "meanResTime" : 809.6442999999997,
    "medianResTime" : 539.0,
    "minResTime" : 3.0,
    "maxResTime" : 5510.0,
    "pct1ResTime" : 1770.0,
    "pct2ResTime" : 2153.949999999999,
    "pct3ResTime" : 2879.9699999999993,
    "throughput" : 66.77082916015652,
    "receivedKBytesPerSec" : 12.258706916122485,
    "sentKBytesPerSec" : 22.990102841683026
  },
  "22 Get Wallet Balance Request" : {
    "transaction" : "22 Get Wallet Balance Request",
    "sampleCount" : 10000,
    "errorCount" : 0,
    "errorPct" : 0.0,
    "meanResTime" : 620.423900000003,
    "medianResTime" : 421.0,
    "minResTime" : 1.0,
    "maxResTime" : 5789.0,
    "pct1ResTime" : 1509.0,
    "pct2ResTime" : 1905.949999999999,
    "pct3ResTime" : 2895.9799999999996,
    "throughput" : 68.70963309055931,
    "receivedKBytesPerSec" : 12.547559949154872,
    "sentKBytesPerSec" : 23.65765935266937
  },
  "15 Login Request" : {
    "transaction" : "15 Login Request",
    "sampleCount" : 10000,
    "errorCount" : 0,
    "errorPct" : 0.0,
    "meanResTime" : 344.3722999999987,
    "medianResTime" : 175.0,
    "minResTime" : 1.0,
    "maxResTime" : 5426.0,
    "pct1ResTime" : 871.0,
    "pct2ResTime" : 988.0,
    "pct3ResTime" : 1915.9899999999998,
    "throughput" : 67.07852883370562,
    "receivedKBytesPerSec" : 23.030541640254494,
    "sentKBytesPerSec" : 15.852542947028084
  },
  "21 Get Wallet Transactions Request" : {
    "transaction" : "21 Get Wallet Transactions Request",
    "sampleCount" : 10000,
    "errorCount" : 22,
    "errorPct" : 0.22,
    "meanResTime" : 653.7397000000036,
    "medianResTime" : 467.0,
    "minResTime" : 1.0,
    "maxResTime" : 5494.0,
    "pct1ResTime" : 1521.0,
    "pct2ResTime" : 1981.0,
    "pct3ResTime" : 2766.9799999999996,
    "throughput" : 67.990209409845,
    "receivedKBytesPerSec" : 23.37163448463421,
    "sentKBytesPerSec" : 23.74193545816902
  }
}