{
  "23 Get Stock Portfolio Request" : {
    "transaction" : "23 Get Stock Portfolio Request",
    "sampleCount" : 12000,
    "errorCount" : 0,
    "errorPct" : 0.0,
    "meanResTime" : 804.1159999999998,
    "medianResTime" : 762.5,
    "minResTime" : 1.0,
    "maxResTime" : 5019.0,
    "pct1ResTime" : 1715.8999999999996,
    "pct2ResTime" : 2104.0,
    "pct3ResTime" : 3029.0,
    "throughput" : 246.64460567693666,
    "receivedKBytesPerSec" : 64.31065401927938,
    "sentKBytesPerSec" : 84.57168140967669
  },
  "16 Get Stock Prices Request" : {
    "transaction" : "16 Get Stock Prices Request",
    "sampleCount" : 12000,
    "errorCount" : 0,
    "errorPct" : 0.0,
    "meanResTime" : 51.57941666666683,
    "medianResTime" : 18.0,
    "minResTime" : 0.0,
    "maxResTime" : 771.0,
    "pct1ResTime" : 135.0,
    "pct2ResTime" : 216.9499999999989,
    "pct3ResTime" : 497.97999999999956,
    "throughput" : 252.50931128085347,
    "receivedKBytesPerSec" : 88.77280474717504,
    "sentKBytesPerSec" : 85.8428501067904
  },
  "14 Register Request" : {
    "transaction" : "14 Register Request",
    "sampleCount" : 12000,
    "errorCount" : 0,
    "errorPct" : 0.0,
    "meanResTime" : 176.34383333333386,
    "medianResTime" : 152.0,
    "minResTime" : 2.0,
    "maxResTime" : 1077.0,
    "pct1ResTime" : 343.0,
    "pct2ResTime" : 431.9499999999989,
    "pct3ResTime" : 576.9899999999998,
    "throughput" : 251.0460251046025,
    "receivedKBytesPerSec" : 42.90337343096235,
    "sentKBytesPerSec" : 68.1571570998954
  },
  "19 Place Stock Order Request" : {
    "transaction" : "19 Place Stock Order Request",
    "sampleCount" : 12000,
    "errorCount" : 0,
    "errorPct" : 0.0,
    "meanResTime" : 1728.444583333339,
    "medianResTime" : 1564.0,
    "minResTime" : 338.0,
    "maxResTime" : 6824.0,
    "pct1ResTime" : 2770.0,
    "pct2ResTime" : 3394.949999999999,
    "pct3ResTime" : 4755.99,
    "throughput" : 238.2890843741933,
    "receivedKBytesPerSec" : 40.7232321928553,
    "sentKBytesPerSec" : 112.65632291397763
  },
  "Total" : {
    "transaction" : "Total",
    "sampleCount" : 120000,
    "errorCount" : 0,
    "errorPct" : 0.0,
    "meanResTime" : 893.2267916666625,
    "medianResTime" : 68.0,
    "minResTime" : 0.0,
    "maxResTime" : 7323.0,
    "pct1ResTime" : 1099.0,
    "pct2ResTime" : 1311.9500000000007,
    "pct3ResTime" : 2037.9800000000032,
    "throughput" : 2003.8741567029592,
    "receivedKBytesPerSec" : 532.4978878435809,
    "sentKBytesPerSec" : 688.0724446168844
  },
  "20 Get Stock Transactions Request" : {
    "transaction" : "20 Get Stock Transactions Request",
    "sampleCount" : 12000,
    "errorCount" : 0,
    "errorPct" : 0.0,
    "meanResTime" : 917.4186666666631,
    "medianResTime" : 821.0,
    "minResTime" : 2.0,
    "maxResTime" : 6197.0,
    "pct1ResTime" : 1888.8999999999996,
    "pct2ResTime" : 2266.0,
    "pct3ResTime" : 4111.0,
    "throughput" : 241.20118188579124,
    "receivedKBytesPerSec" : 116.12517838837411,
    "sentKBytesPerSec" : 83.41183625706016
  },
  "17 Add Money Request" : {
    "transaction" : "17 Add Money Request",
    "sampleCount" : 12000,
    "errorCount" : 0,
    "errorPct" : 0.0,
    "meanResTime" : 1718.8805000000093,
    "medianResTime" : 1679.0,
    "minResTime" : 4.0,
    "maxResTime" : 7323.0,
    "pct1ResTime" : 2979.0,
    "pct2ResTime" : 3585.949999999999,
    "pct3ResTime" : 5383.99,
    "throughput" : 240.97837219109584,
    "receivedKBytesPerSec" : 41.18282727875174,
    "sentKBytesPerSec" : 91.10068911028777
  },
  "18 Get Wallet Balance Request" : {
    "transaction" : "18 Get Wallet Balance Request",
    "sampleCount" : 12000,
    "errorCount" : 0,
    "errorPct" : 0.0,
    "meanResTime" : 1208.1951666666623,
    "medianResTime" : 1135.0,
    "minResTime" : 3.0,
    "maxResTime" : 5178.0,
    "pct1ResTime" : 2053.699999999999,
    "pct2ResTime" : 2524.0,
    "pct3ResTime" : 3750.99,
    "throughput" : 239.61661341853036,
    "receivedKBytesPerSec" : 43.99211261980831,
    "sentKBytesPerSec" : 81.92786073532349
  },
  "22 Get Wallet Balance Request" : {
    "transaction" : "22 Get Wallet Balance Request",
    "sampleCount" : 12000,
    "errorCount" : 0,
    "errorPct" : 0.0,
    "meanResTime" : 1188.279000000002,
    "medianResTime" : 1040.0,
    "minResTime" : 1.0,
    "maxResTime" : 6761.0,
    "pct1ResTime" : 2428.0,
    "pct2ResTime" : 3768.949999999999,
    "pct3ResTime" : 5344.869999999997,
    "throughput" : 243.55097318909705,
    "receivedKBytesPerSec" : 44.476593736680805,
    "sentKBytesPerSec" : 83.27306662387612
  },
  "15 Login Request" : {
    "transaction" : "15 Login Request",
    "sampleCount" : 12000,
    "errorCount" : 0,
    "errorPct" : 0.0,
    "meanResTime" : 162.6977499999992,
    "medianResTime" : 135.0,
    "minResTime" : 2.0,
    "maxResTime" : 854.0,
    "pct1ResTime" : 331.0,
    "pct2ResTime" : 405.0,
    "pct3ResTime" : 582.0,
    "throughput" : 252.4402558061259,
    "receivedKBytesPerSec" : 86.06589775380763,
    "sentKBytesPerSec" : 63.64405480188699
  },
  "21 Get Wallet Transactions Request" : {
    "transaction" : "21 Get Wallet Transactions Request",
    "sampleCount" : 12000,
    "errorCount" : 0,
    "errorPct" : 0.0,
    "meanResTime" : 976.3129999999966,
    "medianResTime" : 872.0,
    "minResTime" : 1.0,
    "maxResTime" : 6190.0,
    "pct1ResTime" : 1936.8999999999996,
    "pct2ResTime" : 2516.7999999999956,
    "pct3ResTime" : 4121.99,
    "throughput" : 242.1258650955388,
    "receivedKBytesPerSec" : 83.23076612659148,
    "sentKBytesPerSec" : 83.96805987823086
  }
}