{
  "23 Get Stock Portfolio Request" : {
    "transaction" : "23 Get Stock Portfolio Request",
    "sampleCount" : 1000,
    "errorCount" : 0,
    "errorPct" : 0.0,
    "meanResTime" : 5.446000000000004,
    "medianResTime" : 3.0,
    "minResTime" : 1.0,
    "maxResTime" : 99.0,
    "pct1ResTime" : 10.0,
    "pct2ResTime" : 21.949999999999932,
    "pct3ResTime" : 59.930000000000064,
    "throughput" : 68.70963309055931,
    "receivedKBytesPerSec" : 17.915500034354817,
    "sentKBytesPerSec" : 24.13506381407173
  },
  "16 Get Stock Prices Request" : {
    "transaction" : "16 Get Stock Prices Request",
    "sampleCount" : 1000,
    "errorCount" : 0,
    "errorPct" : 0.0,
    "meanResTime" : 2.2350000000000008,
    "medianResTime" : 2.0,
    "minResTime" : 0.0,
    "maxResTime" : 25.0,
    "pct1ResTime" : 4.0,
    "pct2ResTime" : 5.0,
    "pct3ResTime" : 13.0,
    "throughput" : 68.4369011771147,
    "receivedKBytesPerSec" : 24.059848070079386,
    "sentKBytesPerSec" : 23.83876479947988
  },
  "14 Register Request" : {
    "transaction" : "14 Register Request",
    "sampleCount" : 1000,
    "errorCount" : 0,
    "errorPct" : 0.0,
    "meanResTime" : 8.107999999999985,
    "medianResTime" : 5.0,
    "minResTime" : 2.0,
    "maxResTime" : 124.0,
    "pct1ResTime" : 11.0,
    "pct2ResTime" : 18.949999999999932,
    "pct3ResTime" : 109.99000000000001,
    "throughput" : 67.5310642895732,
    "receivedKBytesPerSec" : 11.540953369800109,
    "sentKBytesPerSec" : 18.57968190758374
  },
  "19 Place Stock Order Request" : {
    "transaction" : "19 Place Stock Order Request",
    "sampleCount" : 1000,
    "errorCount" : 0,
    "errorPct" : 0.0,
    "meanResTime" : 262.7569999999997,
    "medianResTime" : 258.0,
    "minResTime" : 252.0,
    "maxResTime" : 379.0,
    "pct1ResTime" : 274.0,
    "pct2ResTime" : 296.0,
    "pct3ResTime" : 340.99,
    "throughput" : 67.43088334457181,
    "receivedKBytesPerSec" : 11.523832602832098,
    "sentKBytesPerSec" : 32.44400075859744
  },
  "Total" : {
    "transaction" : "Total",
    "sampleCount" : 10000,
    "errorCount" : 0,
    "errorPct" : 0.0,
    "meanResTime" : 31.210000000000004,
    "medianResTime" : 3.0,
    "minResTime" : 0.0,
    "maxResTime" : 379.0,
    "pct1ResTime" : 239.19999999995343,
    "pct2ResTime" : 258.0,
    "pct3ResTime" : 274.0,
    "throughput" : 510.72522982635337,
    "receivedKBytesPerSec" : 136.14478262257407,
    "sentKBytesPerSec" : 178.78310736401943
  },
  "20 Get Stock Transactions Request" : {
    "transaction" : "20 Get Stock Transactions Request",
    "sampleCount" : 1000,
    "errorCount" : 0,
    "errorPct" : 0.0,
    "meanResTime" : 5.3950000000000085,
    "medianResTime" : 3.0,
    "minResTime" : 1.0,
    "maxResTime" : 82.0,
    "pct1ResTime" : 10.0,
    "pct2ResTime" : 20.0,
    "pct3ResTime" : 55.0,
    "throughput" : 68.667170225915,
    "receivedKBytesPerSec" : 33.05948722790634,
    "sentKBytesPerSec" : 24.32132158552496
  },
  "17 Add Money Request" : {
    "transaction" : "17 Add Money Request",
    "sampleCount" : 1000,
    "errorCount" : 0,
    "errorPct" : 0.0,
    "meanResTime" : 7.678999999999992,
    "medianResTime" : 4.0,
    "minResTime" : 1.0,
    "maxResTime" : 108.0,
    "pct1ResTime" : 14.0,
    "pct2ResTime" : 33.94999999999993,
    "pct3ResTime" : 83.99000000000001,
    "throughput" : 68.48376934666483,
    "receivedKBytesPerSec" : 11.703769175455417,
    "sentKBytesPerSec" : 26.46335904328174
  },
  "18 Get Wallet Balance Request" : {
    "transaction" : "18 Get Wallet Balance Request",
    "sampleCount" : 1000,
    "errorCount" : 0,
    "errorPct" : 0.0,
    "meanResTime" : 5.371999999999992,
    "medianResTime" : 3.0,
    "minResTime" : 1.0,
    "maxResTime" : 74.0,
    "pct1ResTime" : 9.0,
    "pct2ResTime" : 17.949999999999932,
    "pct3ResTime" : 56.0,
    "throughput" : 68.58710562414267,
    "receivedKBytesPerSec" : 12.592163923182442,
    "sentKBytesPerSec" : 24.025045010288064
  },
  "22 Get Wallet Balance Request" : {
    "transaction" : "22 Get Wallet Balance Request",
    "sampleCount" : 1000,
    "errorCount" : 0,
    "errorPct" : 0.0,
    "meanResTime" : 5.330000000000004,
    "medianResTime" : 2.0,
    "minResTime" : 0.0,
    "maxResTime" : 76.0,
    "pct1ResTime" : 10.0,
    "pct2ResTime" : 17.949999999999932,
    "pct3ResTime" : 63.950000000000045,
    "throughput" : 68.69075422448138,
    "receivedKBytesPerSec" : 12.544112343728534,
    "sentKBytesPerSec" : 24.06135157645281
  },
  "15 Login Request" : {
    "transaction" : "15 Login Request",
    "sampleCount" : 1000,
    "errorCount" : 0,
    "errorPct" : 0.0,
    "meanResTime" : 4.5829999999999975,
    "medianResTime" : 3.0,
    "minResTime" : 1.0,
    "maxResTime" : 57.0,
    "pct1ResTime" : 9.0,
    "pct2ResTime" : 15.0,
    "pct3ResTime" : 30.0,
    "throughput" : 68.37139340899768,
    "receivedKBytesPerSec" : 23.882715284424997,
    "sentKBytesPerSec" : 16.980676534937782
  },
  "21 Get Wallet Transactions Request" : {
    "transaction" : "21 Get Wallet Transactions Request",
    "sampleCount" : 1000,
    "errorCount" : 0,
    "errorPct" : 0.0,
    "meanResTime" : 5.1949999999999985,
    "medianResTime" : 3.0,
    "minResTime" : 1.0,
    "maxResTime" : 82.0,
    "pct1ResTime" : 9.0,
    "pct2ResTime" : 18.949999999999932,
    "pct3ResTime" : 58.97000000000003,
    "throughput" : 68.67188572998215,
    "receivedKBytesPerSec" : 23.605960719681363,
    "sentKBytesPerSec" : 24.39005416494987
  }
}