{
  "23 Get Stock Portfolio Request" : {
    "transaction" : "23 Get Stock Portfolio Request",
    "sampleCount" : 1000,
    "errorCount" : 0,
    "errorPct" : 0.0,
    "meanResTime" : 4.538999999999999,
    "medianResTime" : 3.0,
    "minResTime" : 1.0,
    "maxResTime" : 43.0,
    "pct1ResTime" : 9.0,
    "pct2ResTime" : 12.0,
    "pct3ResTime" : 32.960000000000036,
    "throughput" : 68.25472663981981,
    "receivedKBytesPerSec" : 17.79688673128114,
    "sentKBytesPerSec" : 23.975272592314518
  },
  "16 Get Stock Prices Request" : {
    "transaction" : "16 Get Stock Prices Request",
    "sampleCount" : 1000,
    "errorCount" : 0,
    "errorPct" : 0.0,
    "meanResTime" : 2.3289999999999957,
    "medianResTime" : 2.0,
    "minResTime" : 0.0,
    "maxResTime" : 20.0,
    "pct1ResTime" : 4.0,
    "pct2ResTime" : 5.0,
    "pct3ResTime" : 8.0,
    "throughput" : 68.05498843065197,
    "receivedKBytesPerSec" : 23.92558187015108,
    "sentKBytesPerSec" : 23.70573235674425
  },
  "14 Register Request" : {
    "transaction" : "14 Register Request",
    "sampleCount" : 1000,
    "errorCount" : 0,
    "errorPct" : 0.0,
    "meanResTime" : 7.175000000000001,
    "medianResTime" : 5.0,
    "minResTime" : 2.0,
    "maxResTime" : 73.0,
    "pct1ResTime" : 11.0,
    "pct2ResTime" : 16.0,
    "pct3ResTime" : 63.0,
    "throughput" : 67.47638326585695,
    "receivedKBytesPerSec" : 11.5316084682861,
    "sentKBytesPerSec" : 18.564637630735493
  },
  "19 Place Stock Order Request" : {
    "transaction" : "19 Place Stock Order Request",
    "sampleCount" : 1000,
    "errorCount" : 0,
    "errorPct" : 0.0,
    "meanResTime" : 264.10099999999994,
    "medianResTime" : 260.0,
    "minResTime" : 253.0,
    "maxResTime" : 351.0,
    "pct1ResTime" : 277.0,
    "pct2ResTime" : 287.94999999999993,
    "pct3ResTime" : 322.0,
    "throughput" : 66.88068485821296,
    "receivedKBytesPerSec" : 11.429804541198502,
    "sentKBytesPerSec" : 32.17927576578384
  },
  "Total" : {
    "transaction" : "Total",
    "sampleCount" : 10000,
    "errorCount" : 0,
    "errorPct" : 0.0,
    "meanResTime" : 31.010800000000014,
    "medianResTime" : 4.0,
    "minResTime" : 0.0,
    "maxResTime" : 351.0,
    "pct1ResTime" : 236.49999999993997,
    "pct2ResTime" : 260.0,
    "pct3ResTime" : 277.0,
    "throughput" : 509.6580194689363,
    "receivedKBytesPerSec" : 135.860294773457,
    "sentKBytesPerSec" : 178.40952256192347
  },
  "20 Get Stock Transactions Request" : {
    "transaction" : "20 Get Stock Transactions Request",
    "sampleCount" : 1000,
    "errorCount" : 0,
    "errorPct" : 0.0,
    "meanResTime" : 6.005000000000006,
    "medianResTime" : 3.0,
    "minResTime" : 1.0,
    "maxResTime" : 74.0,
    "pct1ResTime" : 11.899999999999977,
    "pct2ResTime" : 20.0,
    "pct3ResTime" : 61.92000000000007,
    "throughput" : 68.11525100469996,
    "receivedKBytesPerSec" : 32.79376830597371,
    "sentKBytesPerSec" : 24.125836540426402
  },
  "17 Add Money Request" : {
    "transaction" : "17 Add Money Request",
    "sampleCount" : 1000,
    "errorCount" : 0,
    "errorPct" : 0.0,
    "meanResTime" : 6.858000000000006,
    "medianResTime" : 4.0,
    "minResTime" : 1.0,
    "maxResTime" : 88.0,
    "pct1ResTime" : 14.0,
    "pct2ResTime" : 20.949999999999932,
    "pct3ResTime" : 42.950000000000045,
    "throughput" : 68.05962022731914,
    "receivedKBytesPerSec" : 11.631282753692235,
    "sentKBytesPerSec" : 26.299460202137073
  },
  "18 Get Wallet Balance Request" : {
    "transaction" : "18 Get Wallet Balance Request",
    "sampleCount" : 1000,
    "errorCount" : 0,
    "errorPct" : 0.0,
    "meanResTime" : 5.28400000000001,
    "medianResTime" : 3.0,
    "minResTime" : 1.0,
    "maxResTime" : 70.0,
    "pct1ResTime" : 11.0,
    "pct2ResTime" : 14.0,
    "pct3ResTime" : 32.97000000000003,
    "throughput" : 68.09669731018046,
    "receivedKBytesPerSec" : 12.502128021790943,
    "sentKBytesPerSec" : 23.853262257405515
  },
  "22 Get Wallet Balance Request" : {
    "transaction" : "22 Get Wallet Balance Request",
    "sampleCount" : 1000,
    "errorCount" : 0,
    "errorPct" : 0.0,
    "meanResTime" : 4.335000000000005,
    "medianResTime" : 3.0,
    "minResTime" : 1.0,
    "maxResTime" : 42.0,
    "pct1ResTime" : 8.0,
    "pct2ResTime" : 12.0,
    "pct3ResTime" : 24.980000000000018,
    "throughput" : 68.2407533779173,
    "receivedKBytesPerSec" : 12.461934454756381,
    "sentKBytesPerSec" : 23.903722959601474
  },
  "15 Login Request" : {
    "transaction" : "15 Login Request",
    "sampleCount" : 1000,
    "errorCount" : 0,
    "errorPct" : 0.0,
    "meanResTime" : 4.585999999999997,
    "medianResTime" : 3.0,
    "minResTime" : 1.0,
    "maxResTime" : 28.0,
    "pct1ResTime" : 9.0,
    "pct2ResTime" : 12.0,
    "pct3ResTime" : 22.0,
    "throughput" : 68.00408024481469,
    "receivedKBytesPerSec" : 23.754409639578373,
    "sentKBytesPerSec" : 16.889450867052023
  },
  "21 Get Wallet Transactions Request" : {
    "transaction" : "21 Get Wallet Transactions Request",
    "sampleCount" : 1000,
    "errorCount" : 0,
    "errorPct" : 0.0,
    "meanResTime" : 4.8959999999999955,
    "medianResTime" : 3.0,
    "minResTime" : 1.0,
    "maxResTime" : 44.0,
    "pct1ResTime" : 10.0,
    "pct2ResTime" : 14.0,
    "pct3ResTime" : 29.0,
    "throughput" : 68.21747731768879,
    "receivedKBytesPerSec" : 23.449757827955523,
    "sentKBytesPerSec" : 24.228662852172725
  }
}