{
  "23 Get Stock Portfolio Request" : {
    "transaction" : "23 Get Stock Portfolio Request",
    "sampleCount" : 10000,
    "errorCount" : 0,
    "errorPct" : 0.0,
    "meanResTime" : 478.15470000000107,
    "medianResTime" : 306.0,
    "minResTime" : 1.0,
    "maxResTime" : 3174.0,
    "pct1ResTime" : 1099.4999999999982,
    "pct2ResTime" : 1468.0,
    "pct3ResTime" : 2282.9699999999993,
    "throughput" : 188.39132646332962,
    "receivedKBytesPerSec" : 49.1215665680752,
    "sentKBytesPerSec" : 65.04966687114975
  },
  "16 Get Stock Prices Request" : {
    "transaction" : "16 Get Stock Prices Request",
    "sampleCount" : 10000,
    "errorCount" : 0,
    "errorPct" : 0.0,
    "meanResTime" : 82.38940000000035,
    "medianResTime" : 24.0,
    "minResTime" : 0.0,
    "maxResTime" : 1961.0,
    "pct1ResTime" : 220.0,
    "pct2ResTime" : 333.0,
    "pct3ResTime" : 880.0,
    "throughput" : 170.50007672503455,
    "receivedKBytesPerSec" : 59.94143322364495,
    "sentKBytesPerSec" : 58.372482859414156
  },
  "14 Register Request" : {
    "transaction" : "14 Register Request",
    "sampleCount" : 10000,
    "errorCount" : 0,
    "errorPct" : 0.0,
    "meanResTime" : 541.8725999999997,
    "medianResTime" : 236.0,
    "minResTime" : 1.0,
    "maxResTime" : 3383.0,
    "pct1ResTime" : 1772.699999999999,
    "pct2ResTime" : 2128.949999999999,
    "pct3ResTime" : 2790.99,
    "throughput" : 168.5459540543729,
    "receivedKBytesPerSec" : 28.80424019483912,
    "sentKBytesPerSec" : 44.226688777789015
  },
  "19 Place Stock Order Request" : {
    "transaction" : "19 Place Stock Order Request",
    "sampleCount" : 10000,
    "errorCount" : 0,
    "errorPct" : 0.0,
    "meanResTime" : 1016.4827000000026,
    "medianResTime" : 789.0,
    "minResTime" : 265.0,
    "maxResTime" : 4408.0,
    "pct1ResTime" : 2089.699999999999,
    "pct2ResTime" : 2330.949999999999,
    "pct3ResTime" : 3025.9199999999983,
    "throughput" : 168.5601591207902,
    "receivedKBytesPerSec" : 28.80666781849442,
    "sentKBytesPerSec" : 80.09522793020767
  },
  "Total" : {
    "transaction" : "Total",
    "sampleCount" : 100000,
    "errorCount" : 404,
    "errorPct" : 0.404,
    "meanResTime" : 584.4688399999997,
    "medianResTime" : 221.0,
    "minResTime" : 0.0,
    "maxResTime" : 5316.0,
    "pct1ResTime" : 672.0,
    "pct2ResTime" : 782.0,
    "pct3ResTime" : 918.0,
    "throughput" : 1530.573199663274,
    "receivedKBytesPerSec" : 406.9784422352109,
    "sentKBytesPerSec" : 524.6870396322798
  },
  "20 Get Stock Transactions Request" : {
    "transaction" : "20 Get Stock Transactions Request",
    "sampleCount" : 10000,
    "errorCount" : 202,
    "errorPct" : 2.02,
    "meanResTime" : 609.7762,
    "medianResTime" : 476.0,
    "minResTime" : 2.0,
    "maxResTime" : 3538.0,
    "pct1ResTime" : 1370.0,
    "pct2ResTime" : 1669.0,
    "pct3ResTime" : 2220.0,
    "throughput" : 170.21566324533183,
    "receivedKBytesPerSec" : 81.821937926603,
    "sentKBytesPerSec" : 59.27246833456739
  },
  "17 Add Money Request" : {
    "transaction" : "17 Add Money Request",
    "sampleCount" : 10000,
    "errorCount" : 0,
    "errorPct" : 0.0,
    "meanResTime" : 929.7378999999995,
    "medianResTime" : 656.0,
    "minResTime" : 5.0,
    "maxResTime" : 5316.0,
    "pct1ResTime" : 2364.0,
    "pct2ResTime" : 2843.0,
    "pct3ResTime" : 4138.909999999998,
    "throughput" : 168.78206859303268,
    "receivedKBytesPerSec" : 28.84459180056711,
    "sentKBytesPerSec" : 64.2125281391355
  },
  "18 Get Wallet Balance Request" : {
    "transaction" : "18 Get Wallet Balance Request",
    "sampleCount" : 10000,
    "errorCount" : 0,
    "errorPct" : 0.0,
    "meanResTime" : 762.8769999999998,
    "medianResTime" : 509.0,
    "minResTime" : 3.0,
    "maxResTime" : 4374.0,
    "pct1ResTime" : 1833.8999999999996,
    "pct2ResTime" : 2407.0,
    "pct3ResTime" : 3678.99,
    "throughput" : 168.66535107692826,
    "receivedKBytesPerSec" : 30.9659042992798,
    "sentKBytesPerSec" : 58.07376987615746
  },
  "22 Get Wallet Balance Request" : {
    "transaction" : "22 Get Wallet Balance Request",
    "sampleCount" : 10000,
    "errorCount" : 0,
    "errorPct" : 0.0,
    "meanResTime" : 514.2082999999973,
    "medianResTime" : 306.0,
    "minResTime" : 1.0,
    "maxResTime" : 3095.0,
    "pct1ResTime" : 1334.8999999999996,
    "pct2ResTime" : 1595.8999999999978,
    "pct3ResTime" : 2275.0,
    "throughput" : 178.24041066590618,
    "receivedKBytesPerSec" : 32.54976249465279,
    "sentKBytesPerSec" : 61.37059286659596
  },
  "15 Login Request" : {
    "transaction" : "15 Login Request",
    "sampleCount" : 10000,
    "errorCount" : 0,
    "errorPct" : 0.0,
    "meanResTime" : 345.5549000000004,
    "medianResTime" : 181.0,
    "minResTime" : 2.0,
    "maxResTime" : 3039.0,
    "pct1ResTime" : 1079.0,
    "pct2ResTime" : 1385.0,
    "pct3ResTime" : 2115.99,
    "throughput" : 170.22145811701023,
    "receivedKBytesPerSec" : 58.443326760302654,
    "sentKBytesPerSec" : 40.228118031559056
  },
  "21 Get Wallet Transactions Request" : {
    "transaction" : "21 Get Wallet Transactions Request",
    "sampleCount" : 10000,
    "errorCount" : 202,
    "errorPct" : 2.02,
    "meanResTime" : 563.6347000000029,
    "medianResTime" : 389.5,
    "minResTime" : 1.0,
    "maxResTime" : 3201.0,
    "pct1ResTime" : 1227.8999999999996,
    "pct2ResTime" : 1848.949999999999,
    "pct3ResTime" : 2332.819999999996,
    "throughput" : 172.6966583196615,
    "receivedKBytesPerSec" : 59.364476297383646,
    "sentKBytesPerSec" : 60.305049083628354
  }
}