{
  "23 Get Stock Portfolio Request" : {
    "transaction" : "23 Get Stock Portfolio Request",
    "sampleCount" : 5,
    "errorCount" : 0,
    "errorPct" : 0.0,
    "meanResTime" : 1600.8,
    "medianResTime" : 1293.0,
    "minResTime" : 1123.0,
    "maxResTime" : 2262.0,
    "pct1ResTime" : 2262.0,
    "pct2ResTime" : 2262.0,
    "pct3ResTime" : 2262.0,
    "throughput" : 1.5413070283600494,
    "receivedKBytesPerSec" : 0.4124200446979038,
    "sentKBytesPerSec" : 0.5313294736436498
  },
  "16 Get Stock Prices Request" : {
    "transaction" : "16 Get Stock Prices Request",
    "sampleCount" : 9938,
    "errorCount" : 40,
    "errorPct" : 0.40249547,
    "meanResTime" : 343.6854497886909,
    "medianResTime" : 175.0,
    "minResTime" : 0.0,
    "maxResTime" : 2808.0,
    "pct1ResTime" : 932.1000000000004,
    "pct2ResTime" : 1363.0499999999993,
    "pct3ResTime" : 2179.4400000000023,
    "throughput" : 209.37091813087264,
    "receivedKBytesPerSec" : 76.43806059863903,
    "sentKBytesPerSec" : 71.39108865424726
  },
  "14 Register Request" : {
    "transaction" : "14 Register Request",
    "sampleCount" : 10000,
    "errorCount" : 5,
    "errorPct" : 0.05,
    "meanResTime" : 650.7955999999981,
    "medianResTime" : 507.5,
    "minResTime" : 8.0,
    "maxResTime" : 3441.0,
    "pct1ResTime" : 1360.0,
    "pct2ResTime" : 1679.0,
    "pct3ResTime" : 2302.9699999999993,
    "throughput" : 205.63015360572473,
    "receivedKBytesPerSec" : 36.73691131942588,
    "sentKBytesPerSec" : 53.93058424024799
  },
  "Debug Sampler" : {
    "transaction" : "Debug Sampler",
    "sampleCount" : 5,
    "errorCount" : 0,
    "errorPct" : 0.0,
    "meanResTime" : 33.2,
    "medianResTime" : 5.0,
    "minResTime" : 1.0,
    "maxResTime" : 147.0,
    "pct1ResTime" : 147.0,
    "pct2ResTime" : 147.0,
    "pct3ResTime" : 147.0,
    "throughput" : 1.8733608092918694,
    "receivedKBytesPerSec" : 2.8982208926564255,
    "sentKBytesPerSec" : 0.0
  },
  "19 Place Stock Order Request" : {
    "transaction" : "19 Place Stock Order Request",
    "sampleCount" : 9822,
    "errorCount" : 20,
    "errorPct" : 0.20362452,
    "meanResTime" : 1651.2412950519206,
    "medianResTime" : 1412.0,
    "minResTime" : 0.0,
    "maxResTime" : 5798.0,
    "pct1ResTime" : 3212.7000000000007,
    "pct2ResTime" : 3749.0,
    "pct3ResTime" : 4827.540000000001,
    "throughput" : 210.97173296674973,
    "receivedKBytesPerSec" : 38.288146935948106,
    "sentKBytesPerSec" : 100.04355893305912
  },
  "Total" : {
    "transaction" : "Total",
    "sampleCount" : 69337,
    "errorCount" : 9995,
    "errorPct" : 14.415103,
    "meanResTime" : 1018.8116445765035,
    "medianResTime" : 542.0,
    "minResTime" : 0.0,
    "maxResTime" : 6089.0,
    "pct1ResTime" : 1284.9000000000015,
    "pct2ResTime" : 1544.0,
    "pct3ResTime" : 1956.0,
    "throughput" : 1334.6101283852713,
    "receivedKBytesPerSec" : 366.98926644034026,
    "sentKBytesPerSec" : 453.40641045151386
  },
  "20 Get Stock Transactions Request" : {
    "transaction" : "20 Get Stock Transactions Request",
    "sampleCount" : 9802,
    "errorCount" : 9797,
    "errorPct" : 99.94899,
    "meanResTime" : 1012.3249336870005,
    "medianResTime" : 835.0,
    "minResTime" : 0.0,
    "maxResTime" : 4363.0,
    "pct1ResTime" : 2189.7000000000007,
    "pct2ResTime" : 2597.0,
    "pct3ResTime" : 3153.0,
    "throughput" : 213.1703710147449,
    "receivedKBytesPerSec" : 97.5448358189074,
    "sentKBytesPerSec" : 73.92647360651995
  },
  "17 Add Money Request" : {
    "transaction" : "17 Add Money Request",
    "sampleCount" : 9898,
    "errorCount" : 36,
    "errorPct" : 0.36370984,
    "meanResTime" : 1647.1467973327942,
    "medianResTime" : 1362.0,
    "minResTime" : 0.0,
    "maxResTime" : 6089.0,
    "pct1ResTime" : 3283.0,
    "pct2ResTime" : 3842.0499999999993,
    "pct3ResTime" : 4580.02,
    "throughput" : 208.0810628994282,
    "receivedKBytesPerSec" : 38.37705035422974,
    "sentKBytesPerSec" : 78.87495434167928
  },
  "18 Get Wallet Balance Request" : {
    "transaction" : "18 Get Wallet Balance Request",
    "sampleCount" : 9862,
    "errorCount" : 40,
    "errorPct" : 0.40559724,
    "meanResTime" : 1190.116203609812,
    "medianResTime" : 947.5,
    "minResTime" : 0.0,
    "maxResTime" : 4514.0,
    "pct1ResTime" : 2492.0,
    "pct2ResTime" : 2922.8500000000004,
    "pct3ResTime" : 3501.0,
    "throughput" : 208.74166578473913,
    "receivedKBytesPerSec" : 41.299219824849196,
    "sentKBytesPerSec" : 71.58053266218649
  },
  "22 Get Wallet Balance Request" : {
    "transaction" : "22 Get Wallet Balance Request",
    "sampleCount" : 5,
    "errorCount" : 0,
    "errorPct" : 0.0,
    "meanResTime" : 2181.6,
    "medianResTime" : 2148.0,
    "minResTime" : 1084.0,
    "maxResTime" : 3120.0,
    "pct1ResTime" : 3120.0,
    "pct2ResTime" : 3120.0,
    "pct3ResTime" : 3120.0,
    "throughput" : 1.538935056940597,
    "receivedKBytesPerSec" : 0.29155605570944904,
    "sentKBytesPerSec" : 0.5290089258233303
  },
  "15 Login Request" : {
    "transaction" : "15 Login Request",
    "sampleCount" : 9995,
    "errorCount" : 57,
    "errorPct" : 0.57028514,
    "meanResTime" : 650.8371185592788,
    "medianResTime" : 485.0,
    "minResTime" : 0.0,
    "maxResTime" : 3734.0,
    "pct1ResTime" : 1371.0,
    "pct2ResTime" : 1791.199999999999,
    "pct3ResTime" : 2502.2399999999943,
    "throughput" : 209.89520989520992,
    "receivedKBytesPerSec" : 75.49733135670635,
    "sentKBytesPerSec" : 49.32125635250635
  },
  "21 Get Wallet Transactions Request" : {
    "transaction" : "21 Get Wallet Transactions Request",
    "sampleCount" : 5,
    "errorCount" : 0,
    "errorPct" : 0.0,
    "meanResTime" : 2392.0,
    "medianResTime" : 2305.0,
    "minResTime" : 2151.0,
    "maxResTime" : 2725.0,
    "pct1ResTime" : 2725.0,
    "pct2ResTime" : 2725.0,
    "pct3ResTime" : 2725.0,
    "throughput" : 1.0510826150935462,
    "receivedKBytesPerSec" : 0.3684947840025226,
    "sentKBytesPerSec" : 0.366441888269918
  }
}