{
  "16 Get Stock Prices Request" : {
    "transaction" : "16 Get Stock Prices Request",
    "sampleCount" : 9911,
    "errorCount" : 13,
    "errorPct" : 0.1311674,
    "meanResTime" : 417.6840883866405,
    "medianResTime" : 260.0,
    "minResTime" : 0.0,
    "maxResTime" : 2424.0,
    "pct1ResTime" : 1164.0,
    "pct2ResTime" : 1428.0,
    "pct3ResTime" : 1993.5199999999968,
    "throughput" : 225.94838592011672,
    "receivedKBytesPerSec" : 81.47185939779774,
    "sentKBytesPerSec" : 77.25454494289167
  },
  "14 Register Request" : {
    "transaction" : "14 Register Request",
    "sampleCount" : 10000,
    "errorCount" : 22,
    "errorPct" : 0.22,
    "meanResTime" : 614.0529000000021,
    "medianResTime" : 543.0,
    "minResTime" : 8.0,
    "maxResTime" : 2995.0,
    "pct1ResTime" : 1116.8999999999996,
    "pct2ResTime" : 1432.8499999999967,
    "pct3ResTime" : 2082.99,
    "throughput" : 221.5231934783572,
    "receivedKBytesPerSec" : 40.2698879369545,
    "sentKBytesPerSec" : 58.00020196684905
  },
  "19 Place Stock Order Request" : {
    "transaction" : "19 Place Stock Order Request",
    "sampleCount" : 9828,
    "errorCount" : 43,
    "errorPct" : 0.43752545,
    "meanResTime" : 1766.078958078956,
    "medianResTime" : 1622.0,
    "minResTime" : 0.0,
    "maxResTime" : 6152.0,
    "pct1ResTime" : 3391.0,
    "pct2ResTime" : 3875.5499999999993,
    "pct3ResTime" : 4653.419999999998,
    "throughput" : 226.2951876583007,
    "receivedKBytesPerSec" : 42.043995006332025,
    "sentKBytesPerSec" : 107.05839047749252
  },
  "Total" : {
    "transaction" : "Total",
    "sampleCount" : 69262,
    "errorCount" : 10000,
    "errorPct" : 14.437931,
    "meanResTime" : 1064.1083277988034,
    "medianResTime" : 749.0,
    "minResTime" : 0.0,
    "maxResTime" : 6233.0,
    "pct1ResTime" : 2251.9000000000015,
    "pct2ResTime" : 2532.9500000000007,
    "pct3ResTime" : 3314.9900000000016,
    "throughput" : 1410.4302848881014,
    "receivedKBytesPerSec" : 389.41578625501455,
    "sentKBytesPerSec" : 478.86111180050705
  },
  "20 Get Stock Transactions Request" : {
    "transaction" : "20 Get Stock Transactions Request",
    "sampleCount" : 9785,
    "errorCount" : 9785,
    "errorPct" : 100.0,
    "meanResTime" : 972.6056208482366,
    "medianResTime" : 745.0,
    "minResTime" : 0.0,
    "maxResTime" : 4544.0,
    "pct1ResTime" : 2277.3999999999996,
    "pct2ResTime" : 2595.699999999999,
    "pct3ResTime" : 3325.8999999999796,
    "throughput" : 233.37626407174204,
    "receivedKBytesPerSec" : 108.13566374201012,
    "sentKBytesPerSec" : 80.63455693391052
  },
  "17 Add Money Request" : {
    "transaction" : "17 Add Money Request",
    "sampleCount" : 9898,
    "errorCount" : 36,
    "errorPct" : 0.36370984,
    "meanResTime" : 1714.7436855930512,
    "medianResTime" : 1420.5,
    "minResTime" : 0.0,
    "maxResTime" : 6233.0,
    "pct1ResTime" : 3397.0,
    "pct2ResTime" : 3934.0,
    "pct3ResTime" : 5357.02,
    "throughput" : 223.6229723012968,
    "receivedKBytesPerSec" : 41.24349399597849,
    "sentKBytesPerSec" : 84.76684730270887
  },
  "18 Get Wallet Balance Request" : {
    "transaction" : "18 Get Wallet Balance Request",
    "sampleCount" : 9862,
    "errorCount" : 34,
    "errorPct" : 0.34475765,
    "meanResTime" : 1322.638511458126,
    "medianResTime" : 1021.0,
    "minResTime" : 0.0,
    "maxResTime" : 4561.0,
    "pct1ResTime" : 2874.7000000000007,
    "pct2ResTime" : 3183.0,
    "pct3ResTime" : 3738.370000000001,
    "throughput" : 223.06665761914456,
    "receivedKBytesPerSec" : 43.885165032457984,
    "sentKBytesPerSec" : 76.53987235925449
  },
  "15 Login Request" : {
    "transaction" : "15 Login Request",
    "sampleCount" : 9978,
    "errorCount" : 67,
    "errorPct" : 0.67147726,
    "meanResTime" : 654.611244738424,
    "medianResTime" : 558.0,
    "minResTime" : 0.0,
    "maxResTime" : 2856.0,
    "pct1ResTime" : 1263.0,
    "pct2ResTime" : 1596.0999999999985,
    "pct3ResTime" : 2190.6299999999974,
    "throughput" : 226.6748449533156,
    "receivedKBytesPerSec" : 81.91659780435721,
    "sentKBytesPerSec" : 53.209933139666965
  }
}