{
  "23 Get Stock Portfolio Request" : {
    "transaction" : "23 Get Stock Portfolio Request",
    "sampleCount" : 10000,
    "errorCount" : 0,
    "errorPct" : 0.0,
    "meanResTime" : 539.0471999999951,
    "medianResTime" : 385.0,
    "minResTime" : 1.0,
    "maxResTime" : 2981.0,
    "pct1ResTime" : 1283.8999999999996,
    "pct2ResTime" : 1516.949999999999,
    "pct3ResTime" : 2428.0,
    "throughput" : 193.16952557564517,
    "receivedKBytesPerSec" : 50.36744465693092,
    "sentKBytesPerSec" : 66.6995318959106
  },
  "16 Get Stock Prices Request" : {
    "transaction" : "16 Get Stock Prices Request",
    "sampleCount" : 10000,
    "errorCount" : 0,
    "errorPct" : 0.0,
    "meanResTime" : 127.26569999999934,
    "medianResTime" : 32.0,
    "minResTime" : 0.0,
    "maxResTime" : 2838.0,
    "pct1ResTime" : 307.89999999999964,
    "pct2ResTime" : 548.0,
    "pct3ResTime" : 1650.0,
    "throughput" : 182.1692716872518,
    "receivedKBytesPerSec" : 64.04388457754946,
    "sentKBytesPerSec" : 62.36755368870004
  },
  "14 Register Request" : {
    "transaction" : "14 Register Request",
    "sampleCount" : 10000,
    "errorCount" : 0,
    "errorPct" : 0.0,
    "meanResTime" : 430.686199999999,
    "medianResTime" : 233.0,
    "minResTime" : 2.0,
    "maxResTime" : 2909.0,
    "pct1ResTime" : 1208.0,
    "pct2ResTime" : 1468.0,
    "pct3ResTime" : 1736.0,
    "throughput" : 181.21194549144678,
    "receivedKBytesPerSec" : 30.968838340823428,
    "sentKBytesPerSec" : 47.55026224766237
  },
  "19 Place Stock Order Request" : {
    "transaction" : "19 Place Stock Order Request",
    "sampleCount" : 10000,
    "errorCount" : 0,
    "errorPct" : 0.0,
    "meanResTime" : 1166.5278999999991,
    "medianResTime" : 971.0,
    "minResTime" : 266.0,
    "maxResTime" : 3855.0,
    "pct1ResTime" : 2150.8999999999996,
    "pct2ResTime" : 2446.949999999999,
    "pct3ResTime" : 3055.99,
    "throughput" : 177.20442302239863,
    "receivedKBytesPerSec" : 30.283959012616954,
    "sentKBytesPerSec" : 84.20274830216012
  },
  "Total" : {
    "transaction" : "Total",
    "sampleCount" : 100000,
    "errorCount" : 0,
    "errorPct" : 0.0,
    "meanResTime" : 708.3186800000022,
    "medianResTime" : 347.0,
    "minResTime" : 0.0,
    "maxResTime" : 5463.0,
    "pct1ResTime" : 1218.800000000003,
    "pct2ResTime" : 1524.0,
    "pct3ResTime" : 2087.9900000000016,
    "throughput" : 1614.9349181227997,
    "receivedKBytesPerSec" : 429.5312266591438,
    "sentKBytesPerSec" : 553.6065975642745
  },
  "20 Get Stock Transactions Request" : {
    "transaction" : "20 Get Stock Transactions Request",
    "sampleCount" : 10000,
    "errorCount" : 0,
    "errorPct" : 0.0,
    "meanResTime" : 718.5222000000014,
    "medianResTime" : 572.0,
    "minResTime" : 3.0,
    "maxResTime" : 3628.0,
    "pct1ResTime" : 1579.0,
    "pct2ResTime" : 1832.8499999999967,
    "pct3ResTime" : 2591.9699999999993,
    "throughput" : 178.46944603083952,
    "receivedKBytesPerSec" : 85.92327821601943,
    "sentKBytesPerSec" : 62.14659912527663
  },
  "17 Add Money Request" : {
    "transaction" : "17 Add Money Request",
    "sampleCount" : 10000,
    "errorCount" : 0,
    "errorPct" : 0.0,
    "meanResTime" : 1454.7457000000065,
    "medianResTime" : 1067.5,
    "minResTime" : 2.0,
    "maxResTime" : 5463.0,
    "pct1ResTime" : 3224.8999999999996,
    "pct2ResTime" : 3540.949999999999,
    "pct3ResTime" : 4235.869999999997,
    "throughput" : 181.16598427479255,
    "receivedKBytesPerSec" : 30.96098364071162,
    "sentKBytesPerSec" : 68.92394411369071
  },
  "18 Get Wallet Balance Request" : {
    "transaction" : "18 Get Wallet Balance Request",
    "sampleCount" : 10000,
    "errorCount" : 0,
    "errorPct" : 0.0,
    "meanResTime" : 1000.2894000000026,
    "medianResTime" : 767.0,
    "minResTime" : 2.0,
    "maxResTime" : 4125.0,
    "pct1ResTime" : 2355.8999999999996,
    "pct2ResTime" : 2589.949999999999,
    "pct3ResTime" : 3297.9799999999996,
    "throughput" : 179.18256911967603,
    "receivedKBytesPerSec" : 32.896799799315524,
    "sentKBytesPerSec" : 61.69499081129388
  },
  "22 Get Wallet Balance Request" : {
    "transaction" : "22 Get Wallet Balance Request",
    "sampleCount" : 10000,
    "errorCount" : 0,
    "errorPct" : 0.0,
    "meanResTime" : 658.183900000002,
    "medianResTime" : 432.0,
    "minResTime" : 1.0,
    "maxResTime" : 4145.0,
    "pct1ResTime" : 1579.0,
    "pct2ResTime" : 1876.949999999999,
    "pct3ResTime" : 2877.9699999999993,
    "throughput" : 188.77185034167704,
    "receivedKBytesPerSec" : 34.47298438856798,
    "sentKBytesPerSec" : 64.99671050302979
  },
  "15 Login Request" : {
    "transaction" : "15 Login Request",
    "sampleCount" : 10000,
    "errorCount" : 0,
    "errorPct" : 0.0,
    "meanResTime" : 361.8729000000015,
    "medianResTime" : 205.0,
    "minResTime" : 2.0,
    "maxResTime" : 2867.0,
    "pct1ResTime" : 970.0,
    "pct2ResTime" : 1326.8999999999978,
    "pct3ResTime" : 1764.9899999999998,
    "throughput" : 182.01343259132526,
    "receivedKBytesPerSec" : 62.491948038577746,
    "sentKBytesPerSec" : 43.01489324912178
  },
  "21 Get Wallet Transactions Request" : {
    "transaction" : "21 Get Wallet Transactions Request",
    "sampleCount" : 10000,
    "errorCount" : 0,
    "errorPct" : 0.0,
    "meanResTime" : 626.0457000000006,
    "medianResTime" : 481.0,
    "minResTime" : 1.0,
    "maxResTime" : 3744.0,
    "pct1ResTime" : 1348.0,
    "pct2ResTime" : 1588.949999999999,
    "pct3ResTime" : 2494.99,
    "throughput" : 181.60355942976483,
    "receivedKBytesPerSec" : 62.42622355398166,
    "sentKBytesPerSec" : 63.41530676813766
  }
}