{
  "23 Get Stock Portfolio Request" : {
    "transaction" : "23 Get Stock Portfolio Request",
    "sampleCount" : 10000,
    "errorCount" : 0,
    "errorPct" : 0.0,
    "meanResTime" : 415.51609999999823,
    "medianResTime" : 258.0,
    "minResTime" : 1.0,
    "maxResTime" : 2739.0,
    "pct1ResTime" : 1085.0,
    "pct2ResTime" : 1376.949999999999,
    "pct3ResTime" : 1802.9899999999998,
    "throughput" : 226.223871142883,
    "receivedKBytesPerSec" : 58.98610702651344,
    "sentKBytesPerSec" : 78.11287139597096
  },
  "16 Get Stock Prices Request" : {
    "transaction" : "16 Get Stock Prices Request",
    "sampleCount" : 10000,
    "errorCount" : 0,
    "errorPct" : 0.0,
    "meanResTime" : 112.94069999999941,
    "medianResTime" : 46.0,
    "minResTime" : 1.0,
    "maxResTime" : 1975.0,
    "pct1ResTime" : 239.0,
    "pct2ResTime" : 391.8499999999967,
    "pct3ResTime" : 1256.9699999999993,
    "throughput" : 218.0787264202377,
    "receivedKBytesPerSec" : 76.66830225711482,
    "sentKBytesPerSec" : 74.66153074228546
  },
  "14 Register Request" : {
    "transaction" : "14 Register Request",
    "sampleCount" : 10000,
    "errorCount" : 0,
    "errorPct" : 0.0,
    "meanResTime" : 671.1194999999983,
    "medianResTime" : 344.0,
    "minResTime" : 2.0,
    "maxResTime" : 3395.0,
    "pct1ResTime" : 1732.0,
    "pct2ResTime" : 1990.0,
    "pct3ResTime" : 2597.99,
    "throughput" : 217.15526601520088,
    "receivedKBytesPerSec" : 37.11149565689468,
    "sentKBytesPerSec" : 56.98183869435397
  },
  "19 Place Stock Order Request" : {
    "transaction" : "19 Place Stock Order Request",
    "sampleCount" : 10000,
    "errorCount" : 0,
    "errorPct" : 0.0,
    "meanResTime" : 970.9759999999957,
    "medianResTime" : 803.0,
    "minResTime" : 265.0,
    "maxResTime" : 3102.0,
    "pct1ResTime" : 1759.0,
    "pct2ResTime" : 1982.0,
    "pct3ResTime" : 2274.99,
    "throughput" : 214.44501629782124,
    "receivedKBytesPerSec" : 36.64831821495969,
    "sentKBytesPerSec" : 101.89847083949863
  },
  "Total" : {
    "transaction" : "Total",
    "sampleCount" : 100000,
    "errorCount" : 5969,
    "errorPct" : 5.969,
    "meanResTime" : 549.1959399999943,
    "medianResTime" : 250.0,
    "minResTime" : 1.0,
    "maxResTime" : 3395.0,
    "pct1ResTime" : 797.0,
    "pct2ResTime" : 979.9500000000007,
    "pct3ResTime" : 1488.0,
    "throughput" : 1908.5790628876803,
    "receivedKBytesPerSec" : 505.68286871361767,
    "sentKBytesPerSec" : 654.2690664066228
  },
  "20 Get Stock Transactions Request" : {
    "transaction" : "20 Get Stock Transactions Request",
    "sampleCount" : 10000,
    "errorCount" : 2765,
    "errorPct" : 27.65,
    "meanResTime" : 516.7965999999996,
    "medianResTime" : 330.0,
    "minResTime" : 1.0,
    "maxResTime" : 2753.0,
    "pct1ResTime" : 1169.0,
    "pct2ResTime" : 1518.949999999999,
    "pct3ResTime" : 2197.0,
    "throughput" : 217.2401807438304,
    "receivedKBytesPerSec" : 102.36022121839156,
    "sentKBytesPerSec" : 75.6473375518661
  },
  "17 Add Money Request" : {
    "transaction" : "17 Add Money Request",
    "sampleCount" : 10000,
    "errorCount" : 0,
    "errorPct" : 0.0,
    "meanResTime" : 761.2854999999979,
    "medianResTime" : 619.0,
    "minResTime" : 4.0,
    "maxResTime" : 2979.0,
    "pct1ResTime" : 1547.0,
    "pct2ResTime" : 1873.949999999999,
    "pct3ResTime" : 2409.9799999999996,
    "throughput" : 215.28525296017224,
    "receivedKBytesPerSec" : 36.79191334768568,
    "sentKBytesPerSec" : 81.90449660252959
  },
  "18 Get Wallet Balance Request" : {
    "transaction" : "18 Get Wallet Balance Request",
    "sampleCount" : 10000,
    "errorCount" : 0,
    "errorPct" : 0.0,
    "meanResTime" : 546.7891999999998,
    "medianResTime" : 387.0,
    "minResTime" : 2.0,
    "maxResTime" : 2964.0,
    "pct1ResTime" : 1168.0,
    "pct2ResTime" : 1425.8499999999967,
    "pct3ResTime" : 2165.899999999998,
    "throughput" : 215.31306519679615,
    "receivedKBytesPerSec" : 39.53013306347429,
    "sentKBytesPerSec" : 74.13521105390362
  },
  "22 Get Wallet Balance Request" : {
    "transaction" : "22 Get Wallet Balance Request",
    "sampleCount" : 10000,
    "errorCount" : 439,
    "errorPct" : 4.39,
    "meanResTime" : 469.27029999999894,
    "medianResTime" : 306.5,
    "minResTime" : 1.0,
    "maxResTime" : 2657.0,
    "pct1ResTime" : 1102.0,
    "pct2ResTime" : 1441.8999999999978,
    "pct3ResTime" : 2220.0,
    "throughput" : 223.26910625376766,
    "receivedKBytesPerSec" : 40.7823480304874,
    "sentKBytesPerSec" : 76.87458398686061
  },
  "15 Login Request" : {
    "transaction" : "15 Login Request",
    "sampleCount" : 10000,
    "errorCount" : 0,
    "errorPct" : 0.0,
    "meanResTime" : 530.1182000000018,
    "medianResTime" : 253.0,
    "minResTime" : 2.0,
    "maxResTime" : 3316.0,
    "pct1ResTime" : 1446.0,
    "pct2ResTime" : 1737.8999999999978,
    "pct3ResTime" : 2535.99,
    "throughput" : 217.94564435629755,
    "receivedKBytesPerSec" : 74.82880625040865,
    "sentKBytesPerSec" : 51.50668548264063
  },
  "21 Get Wallet Transactions Request" : {
    "transaction" : "21 Get Wallet Transactions Request",
    "sampleCount" : 10000,
    "errorCount" : 2765,
    "errorPct" : 27.65,
    "meanResTime" : 497.1473000000005,
    "medianResTime" : 316.0,
    "minResTime" : 1.0,
    "maxResTime" : 2954.0,
    "pct1ResTime" : 1174.8999999999996,
    "pct2ResTime" : 1506.0,
    "pct3ResTime" : 2008.0,
    "throughput" : 220.35653687666644,
    "receivedKBytesPerSec" : 75.74755955135409,
    "sentKBytesPerSec" : 76.94770646718891
  }
}