{
  "23 Get Stock Portfolio Request" : {
    "transaction" : "23 Get Stock Portfolio Request",
    "sampleCount" : 10000,
    "errorCount" : 9945,
    "errorPct" : 99.45,
    "meanResTime" : 777.6876000000001,
    "medianResTime" : 616.0,
    "minResTime" : 0.0,
    "maxResTime" : 4151.0,
    "pct1ResTime" : 1673.0,
    "pct2ResTime" : 2037.0,
    "pct3ResTime" : 2848.909999999998,
    "throughput" : 185.04468829222256,
    "receivedKBytesPerSec" : 33.190656168464685,
    "sentKBytesPerSec" : 63.68903861766992
  },
  "16 Get Stock Prices Request" : {
    "transaction" : "16 Get Stock Prices Request",
    "sampleCount" : 10000,
    "errorCount" : 182,
    "errorPct" : 1.82,
    "meanResTime" : 405.24820000000136,
    "medianResTime" : 235.0,
    "minResTime" : 0.0,
    "maxResTime" : 3686.0,
    "pct1ResTime" : 958.8999999999996,
    "pct2ResTime" : 1391.0,
    "pct3ResTime" : 2750.9799999999996,
    "throughput" : 173.77704405248068,
    "receivedKBytesPerSec" : 66.47060181162568,
    "sentKBytesPerSec" : 58.51743404618125
  },
  "14 Register Request" : {
    "transaction" : "14 Register Request",
    "sampleCount" : 10000,
    "errorCount" : 0,
    "errorPct" : 0.0,
    "meanResTime" : 596.6886000000006,
    "medianResTime" : 426.0,
    "minResTime" : 3.0,
    "maxResTime" : 3522.0,
    "pct1ResTime" : 1369.8999999999996,
    "pct2ResTime" : 1705.0,
    "pct3ResTime" : 2304.9799999999996,
    "throughput" : 177.67038590007817,
    "receivedKBytesPerSec" : 31.578134993959207,
    "sentKBytesPerSec" : 46.62095216891124
  },
  "19 Place Stock Order Request" : {
    "transaction" : "19 Place Stock Order Request",
    "sampleCount" : 10000,
    "errorCount" : 242,
    "errorPct" : 2.42,
    "meanResTime" : 1268.0055999999954,
    "medianResTime" : 1106.0,
    "minResTime" : 0.0,
    "maxResTime" : 5171.0,
    "pct1ResTime" : 2415.0,
    "pct2ResTime" : 2738.899999999998,
    "pct3ResTime" : 3516.869999999997,
    "throughput" : 173.2051615138131,
    "receivedKBytesPerSec" : 33.09864372239543,
    "sentKBytesPerSec" : 81.63867982484628
  },
  "Total" : {
    "transaction" : "Total",
    "sampleCount" : 100000,
    "errorCount" : 40806,
    "errorPct" : 40.806,
    "meanResTime" : 879.849940000011,
    "medianResTime" : 496.0,
    "minResTime" : 0.0,
    "maxResTime" : 5268.0,
    "pct1ResTime" : 1307.9000000000015,
    "pct2ResTime" : 1537.0,
    "pct3ResTime" : 2059.980000000003,
    "throughput" : 1570.820439515559,
    "receivedKBytesPerSec" : 398.75404179462305,
    "sentKBytesPerSec" : 533.9985062479383
  },
  "20 Get Stock Transactions Request" : {
    "transaction" : "20 Get Stock Transactions Request",
    "sampleCount" : 10000,
    "errorCount" : 9994,
    "errorPct" : 99.94,
    "meanResTime" : 928.1713999999994,
    "medianResTime" : 765.0,
    "minResTime" : 0.0,
    "maxResTime" : 4641.0,
    "pct1ResTime" : 1828.0,
    "pct2ResTime" : 2204.949999999999,
    "pct3ResTime" : 3170.9699999999993,
    "throughput" : 176.27046940826003,
    "receivedKBytesPerSec" : 80.31209650587861,
    "sentKBytesPerSec" : 60.8592903075479
  },
  "17 Add Money Request" : {
    "transaction" : "17 Add Money Request",
    "sampleCount" : 10000,
    "errorCount" : 174,
    "errorPct" : 1.74,
    "meanResTime" : 1369.2015000000008,
    "medianResTime" : 1215.0,
    "minResTime" : 0.0,
    "maxResTime" : 5268.0,
    "pct1ResTime" : 2562.8999999999996,
    "pct2ResTime" : 2924.0,
    "pct3ResTime" : 3755.909999999998,
    "throughput" : 171.68266176798804,
    "receivedKBytesPerSec" : 35.02386657252734,
    "sentKBytesPerSec" : 64.29829205259499
  },
  "18 Get Wallet Balance Request" : {
    "transaction" : "18 Get Wallet Balance Request",
    "sampleCount" : 10000,
    "errorCount" : 275,
    "errorPct" : 2.75,
    "meanResTime" : 967.7840000000098,
    "medianResTime" : 796.0,
    "minResTime" : 0.0,
    "maxResTime" : 4127.0,
    "pct1ResTime" : 1884.699999999999,
    "pct2ResTime" : 2322.899999999998,
    "pct3ResTime" : 3101.899999999998,
    "throughput" : 171.80949762902895,
    "receivedKBytesPerSec" : 35.89592008818122,
    "sentKBytesPerSec" : 58.463751954333034
  },
  "22 Get Wallet Balance Request" : {
    "transaction" : "22 Get Wallet Balance Request",
    "sampleCount" : 10000,
    "errorCount" : 9965,
    "errorPct" : 99.65,
    "meanResTime" : 843.7837000000017,
    "medianResTime" : 675.0,
    "minResTime" : 0.0,
    "maxResTime" : 4129.0,
    "pct1ResTime" : 1739.0,
    "pct2ResTime" : 2184.0,
    "pct3ResTime" : 2952.9699999999993,
    "throughput" : 180.3068823136979,
    "receivedKBytesPerSec" : 35.395033362407816,
    "sentKBytesPerSec" : 61.783315358991004
  },
  "15 Login Request" : {
    "transaction" : "15 Login Request",
    "sampleCount" : 10000,
    "errorCount" : 34,
    "errorPct" : 0.34,
    "meanResTime" : 739.9374000000003,
    "medianResTime" : 515.0,
    "minResTime" : 0.0,
    "maxResTime" : 3842.0,
    "pct1ResTime" : 1616.0,
    "pct2ResTime" : 2103.0,
    "pct3ResTime" : 3223.9699999999993,
    "throughput" : 177.13850459674418,
    "receivedKBytesPerSec" : 63.034633068658884,
    "sentKBytesPerSec" : 41.720477100419814
  },
  "21 Get Wallet Transactions Request" : {
    "transaction" : "21 Get Wallet Transactions Request",
    "sampleCount" : 10000,
    "errorCount" : 9995,
    "errorPct" : 99.95,
    "meanResTime" : 901.991399999995,
    "medianResTime" : 744.0,
    "minResTime" : 0.0,
    "maxResTime" : 4629.0,
    "pct1ResTime" : 1816.0,
    "pct2ResTime" : 2245.949999999999,
    "pct3ResTime" : 3086.9799999999996,
    "throughput" : 178.87807670291932,
    "receivedKBytesPerSec" : 33.46871701935461,
    "sentKBytesPerSec" : 61.99601451260196
  }
}