{
  "23 Get Stock Portfolio Request" : {
    "transaction" : "23 Get Stock Portfolio Request",
    "sampleCount" : 10000,
    "errorCount" : 9373,
    "errorPct" : 93.73,
    "meanResTime" : 1063.0097999999987,
    "medianResTime" : 991.0,
    "minResTime" : 0.0,
    "maxResTime" : 4473.0,
    "pct1ResTime" : 2157.0,
    "pct2ResTime" : 2511.949999999999,
    "pct3ResTime" : 3245.8799999999974,
    "throughput" : 203.5623409669211,
    "receivedKBytesPerSec" : 43.87289281170484,
    "sentKBytesPerSec" : 67.70555025445293
  },
  "16 Get Stock Prices Request" : {
    "transaction" : "16 Get Stock Prices Request",
    "sampleCount" : 10000,
    "errorCount" : 607,
    "errorPct" : 6.07,
    "meanResTime" : 489.06350000000117,
    "medianResTime" : 364.0,
    "minResTime" : 0.0,
    "maxResTime" : 2551.0,
    "pct1ResTime" : 1181.0,
    "pct2ResTime" : 1536.949999999999,
    "pct3ResTime" : 2019.9899999999998,
    "throughput" : 194.36345966958214,
    "receivedKBytesPerSec" : 77.45577472060252,
    "sentKBytesPerSec" : 63.67407677356657
  },
  "14 Register Request" : {
    "transaction" : "14 Register Request",
    "sampleCount" : 10000,
    "errorCount" : 76,
    "errorPct" : 0.76,
    "meanResTime" : 632.3693000000015,
    "medianResTime" : 525.0,
    "minResTime" : 8.0,
    "maxResTime" : 3182.0,
    "pct1ResTime" : 1209.0,
    "pct2ResTime" : 1576.0,
    "pct3ResTime" : 2479.99,
    "throughput" : 196.85814402141816,
    "receivedKBytesPerSec" : 37.74401182133155,
    "sentKBytesPerSec" : 51.263206413146186
  },
  "19 Place Stock Order Request" : {
    "transaction" : "19 Place Stock Order Request",
    "sampleCount" : 10000,
    "errorCount" : 1063,
    "errorPct" : 10.63,
    "meanResTime" : 2022.9787999999958,
    "medianResTime" : 1908.0,
    "minResTime" : 0.0,
    "maxResTime" : 5492.0,
    "pct1ResTime" : 3440.8999999999996,
    "pct2ResTime" : 3989.8499999999967,
    "pct3ResTime" : 4837.969999999999,
    "throughput" : 186.08459405645806,
    "receivedKBytesPerSec" : 48.414159467518935,
    "sentKBytesPerSec" : 83.46173897216175
  },
  "Total" : {
    "transaction" : "Total",
    "sampleCount" : 100000,
    "errorCount" : 43106,
    "errorPct" : 43.106,
    "meanResTime" : 1220.7755600000207,
    "medianResTime" : 733.0,
    "minResTime" : 0.0,
    "maxResTime" : 6879.0,
    "pct1ResTime" : 1787.9000000000015,
    "pct2ResTime" : 1997.0,
    "pct3ResTime" : 2437.980000000003,
    "throughput" : 1678.4719191647923,
    "receivedKBytesPerSec" : 497.51466499274056,
    "sentKBytesPerSec" : 549.2908521706838
  },
  "20 Get Stock Transactions Request" : {
    "transaction" : "20 Get Stock Transactions Request",
    "sampleCount" : 10000,
    "errorCount" : 9942,
    "errorPct" : 99.42,
    "meanResTime" : 1340.8879999999908,
    "medianResTime" : 1253.5,
    "minResTime" : 0.0,
    "maxResTime" : 5260.0,
    "pct1ResTime" : 2487.8999999999996,
    "pct2ResTime" : 3000.949999999999,
    "pct3ResTime" : 4247.909999999998,
    "throughput" : 190.7960009158208,
    "receivedKBytesPerSec" : 93.32488266045944,
    "sentKBytesPerSec" : 62.52819085443219
  },
  "17 Add Money Request" : {
    "transaction" : "17 Add Money Request",
    "sampleCount" : 10000,
    "errorCount" : 689,
    "errorPct" : 6.89,
    "meanResTime" : 1945.8394999999873,
    "medianResTime" : 1733.0,
    "minResTime" : 0.0,
    "maxResTime" : 6879.0,
    "pct1ResTime" : 3542.8999999999996,
    "pct2ResTime" : 4139.849999999997,
    "pct3ResTime" : 6120.869999999997,
    "throughput" : 189.25773117831864,
    "receivedKBytesPerSec" : 47.299776409733525,
    "sentKBytesPerSec" : 68.28367190752867
  },
  "18 Get Wallet Balance Request" : {
    "transaction" : "18 Get Wallet Balance Request",
    "sampleCount" : 10000,
    "errorCount" : 1062,
    "errorPct" : 10.62,
    "meanResTime" : 1452.3099000000086,
    "medianResTime" : 1328.0,
    "minResTime" : 0.0,
    "maxResTime" : 5072.0,
    "pct1ResTime" : 2597.8999999999996,
    "pct2ResTime" : 3143.899999999998,
    "pct3ResTime" : 4352.99,
    "throughput" : 187.2343612499766,
    "receivedKBytesPerSec" : 49.83750836703552,
    "sentKBytesPerSec" : 60.69359067526072
  },
  "22 Get Wallet Balance Request" : {
    "transaction" : "22 Get Wallet Balance Request",
    "sampleCount" : 10000,
    "errorCount" : 9944,
    "errorPct" : 99.44,
    "meanResTime" : 1225.4148000000023,
    "medianResTime" : 1140.0,
    "minResTime" : 0.0,
    "maxResTime" : 5059.0,
    "pct1ResTime" : 2401.8999999999996,
    "pct2ResTime" : 2892.0,
    "pct3ResTime" : 3914.9399999999987,
    "throughput" : 196.8077778433804,
    "receivedKBytesPerSec" : 45.59476924903072,
    "sentKBytesPerSec" : 64.98412160998603
  },
  "15 Login Request" : {
    "transaction" : "15 Login Request",
    "sampleCount" : 10000,
    "errorCount" : 405,
    "errorPct" : 4.05,
    "meanResTime" : 771.8222000000014,
    "medianResTime" : 614.0,
    "minResTime" : 0.0,
    "maxResTime" : 3096.0,
    "pct1ResTime" : 1677.0,
    "pct2ResTime" : 1892.0,
    "pct3ResTime" : 2311.9799999999996,
    "throughput" : 196.97447210841477,
    "receivedKBytesPerSec" : 79.58155312524622,
    "sentKBytesPerSec" : 45.01909267402694
  },
  "21 Get Wallet Transactions Request" : {
    "transaction" : "21 Get Wallet Transactions Request",
    "sampleCount" : 10000,
    "errorCount" : 9945,
    "errorPct" : 99.45,
    "meanResTime" : 1264.0598000000045,
    "medianResTime" : 1155.0,
    "minResTime" : 0.0,
    "maxResTime" : 5271.0,
    "pct1ResTime" : 2439.7999999999993,
    "pct2ResTime" : 2915.949999999999,
    "pct3ResTime" : 4104.99,
    "throughput" : 194.12198625616335,
    "receivedKBytesPerSec" : 49.93344497369647,
    "sentKBytesPerSec" : 64.45128614915363
  }
}