{
  "23 Get Stock Portfolio Request" : {
    "transaction" : "23 Get Stock Portfolio Request",
    "sampleCount" : 10000,
    "errorCount" : 4476,
    "errorPct" : 44.76,
    "meanResTime" : 434.8942000000002,
    "medianResTime" : 197.0,
    "minResTime" : 0.0,
    "maxResTime" : 2967.0,
    "pct1ResTime" : 1254.8999999999996,
    "pct2ResTime" : 1510.0,
    "pct3ResTime" : 2006.9799999999996,
    "throughput" : 161.43352974412787,
    "receivedKBytesPerSec" : 63.658837350673984,
    "sentKBytesPerSec" : 46.95488122023569
  },
  "16 Get Stock Prices Request" : {
    "transaction" : "16 Get Stock Prices Request",
    "sampleCount" : 10000,
    "errorCount" : 2583,
    "errorPct" : 25.83,
    "meanResTime" : 343.43960000000214,
    "medianResTime" : 193.0,
    "minResTime" : 0.0,
    "maxResTime" : 2131.0,
    "pct1ResTime" : 1006.8999999999996,
    "pct2ResTime" : 1202.949999999999,
    "pct3ResTime" : 1396.9899999999998,
    "throughput" : 218.67004876342088,
    "receivedKBytesPerSec" : 114.75208368639434,
    "sentKBytesPerSec" : 61.22441047921541
  },
  "14 Register Request" : {
    "transaction" : "14 Register Request",
    "sampleCount" : 10000,
    "errorCount" : 347,
    "errorPct" : 3.47,
    "meanResTime" : 641.8596000000018,
    "medianResTime" : 433.0,
    "minResTime" : 4.0,
    "maxResTime" : 3546.0,
    "pct1ResTime" : 1499.7999999999993,
    "pct2ResTime" : 2353.899999999998,
    "pct3ResTime" : 3058.9799999999996,
    "throughput" : 218.9093934020709,
    "receivedKBytesPerSec" : 52.89830051060616,
    "sentKBytesPerSec" : 55.448830100315234
  },
  "19 Place Stock Order Request" : {
    "transaction" : "19 Place Stock Order Request",
    "sampleCount" : 10000,
    "errorCount" : 4209,
    "errorPct" : 42.09,
    "meanResTime" : 11482.618099999983,
    "medianResTime" : 13546.0,
    "minResTime" : 0.0,
    "maxResTime" : 24902.0,
    "pct1ResTime" : 21765.699999999997,
    "pct2ResTime" : 22702.0,
    "pct3ResTime" : 23614.98,
    "throughput" : 146.7588312126682,
    "receivedKBytesPerSec" : 79.22475965948283,
    "sentKBytesPerSec" : 53.299754798096544
  },
  "Total" : {
    "transaction" : "Total",
    "sampleCount" : 100000,
    "errorCount" : 35292,
    "errorPct" : 35.292,
    "meanResTime" : 1676.931129999987,
    "medianResTime" : 12.0,
    "minResTime" : 0.0,
    "maxResTime" : 24902.0,
    "pct1ResTime" : 16960.700000000004,
    "pct2ResTime" : 20330.9,
    "pct3ResTime" : 22642.99,
    "throughput" : 1348.7268018990073,
    "receivedKBytesPerSec" : 642.2338967288317,
    "sentKBytesPerSec" : 377.36144413657877
  },
  "20 Get Stock Transactions Request" : {
    "transaction" : "20 Get Stock Transactions Request",
    "sampleCount" : 10000,
    "errorCount" : 4751,
    "errorPct" : 47.51,
    "meanResTime" : 544.288599999998,
    "medianResTime" : 338.0,
    "minResTime" : 0.0,
    "maxResTime" : 2946.0,
    "pct1ResTime" : 1504.8999999999996,
    "pct2ResTime" : 1710.949999999999,
    "pct3ResTime" : 2096.9799999999996,
    "throughput" : 156.91935914133725,
    "receivedKBytesPerSec" : 86.87837254028905,
    "sentKBytesPerSec" : 44.88307423658732
  },
  "17 Add Money Request" : {
    "transaction" : "17 Add Money Request",
    "sampleCount" : 10000,
    "errorCount" : 3042,
    "errorPct" : 30.42,
    "meanResTime" : 1019.9905000000016,
    "medianResTime" : 878.0,
    "minResTime" : 0.0,
    "maxResTime" : 3684.0,
    "pct1ResTime" : 2211.0,
    "pct2ResTime" : 2523.949999999999,
    "pct3ResTime" : 3099.9299999999985,
    "throughput" : 217.9171479003683,
    "receivedKBytesPerSec" : 119.5875679629105,
    "sentKBytesPerSec" : 62.637155861154085
  },
  "18 Get Wallet Balance Request" : {
    "transaction" : "18 Get Wallet Balance Request",
    "sampleCount" : 10000,
    "errorCount" : 4136,
    "errorPct" : 41.36,
    "meanResTime" : 810.2257000000023,
    "medianResTime" : 706.0,
    "minResTime" : 0.0,
    "maxResTime" : 3072.0,
    "pct1ResTime" : 1677.0,
    "pct2ResTime" : 1972.0,
    "pct3ResTime" : 2491.0,
    "throughput" : 219.5630694917115,
    "receivedKBytesPerSec" : 106.06133442886156,
    "sentKBytesPerSec" : 58.73918909183225
  },
  "22 Get Wallet Balance Request" : {
    "transaction" : "22 Get Wallet Balance Request",
    "sampleCount" : 10000,
    "errorCount" : 5006,
    "errorPct" : 50.06,
    "meanResTime" : 483.51130000000126,
    "medianResTime" : 254.0,
    "minResTime" : 0.0,
    "maxResTime" : 2788.0,
    "pct1ResTime" : 1370.8999999999996,
    "pct2ResTime" : 1648.8499999999967,
    "pct3ResTime" : 2101.0,
    "throughput" : 158.49116411760045,
    "receivedKBytesPerSec" : 60.60098487399953,
    "sentKBytesPerSec" : 45.159704612092874
  },
  "15 Login Request" : {
    "transaction" : "15 Login Request",
    "sampleCount" : 10000,
    "errorCount" : 1687,
    "errorPct" : 16.87,
    "meanResTime" : 535.4298999999983,
    "medianResTime" : 400.0,
    "minResTime" : 0.0,
    "maxResTime" : 2900.0,
    "pct1ResTime" : 1248.8999999999996,
    "pct2ResTime" : 1433.0,
    "pct3ResTime" : 2131.679999999993,
    "throughput" : 219.2790106131041,
    "receivedKBytesPerSec" : 126.82622583819402,
    "sentKBytesPerSec" : 44.60820322778704
  },
  "21 Get Wallet Transactions Request" : {
    "transaction" : "21 Get Wallet Transactions Request",
    "sampleCount" : 10000,
    "errorCount" : 5055,
    "errorPct" : 50.55,
    "meanResTime" : 473.05379999999826,
    "medianResTime" : 267.0,
    "minResTime" : 0.0,
    "maxResTime" : 2878.0,
    "pct1ResTime" : 1331.0,
    "pct2ResTime" : 1582.0,
    "pct3ResTime" : 1998.8999999999978,
    "throughput" : 157.81831955053343,
    "receivedKBytesPerSec" : 81.2725661702623,
    "sentKBytesPerSec" : 44.38328916064327
  }
}