{
  "23 Get Stock Portfolio Request" : {
    "transaction" : "23 Get Stock Portfolio Request",
    "sampleCount" : 15000,
    "errorCount" : 0,
    "errorPct" : 0.0,
    "meanResTime" : 902.1546666666669,
    "medianResTime" : 766.0,
    "minResTime" : 1.0,
    "maxResTime" : 4538.0,
    "pct1ResTime" : 2002.0,
    "pct2ResTime" : 2705.0,
    "pct3ResTime" : 3389.0,
    "throughput" : 252.51675027776844,
    "receivedKBytesPerSec" : 65.84176984781656,
    "sentKBytesPerSec" : 86.5892924217619
  },
  "16 Get Stock Prices Request" : {
    "transaction" : "16 Get Stock Prices Request",
    "sampleCount" : 15000,
    "errorCount" : 0,
    "errorPct" : 0.0,
    "meanResTime" : 93.8471999999999,
    "medianResTime" : 29.0,
    "minResTime" : 0.0,
    "maxResTime" : 1060.0,
    "pct1ResTime" : 300.0,
    "pct2ResTime" : 399.0,
    "pct3ResTime" : 628.0,
    "throughput" : 243.56580336120808,
    "receivedKBytesPerSec" : 85.62860274417471,
    "sentKBytesPerSec" : 82.80639499776731
  },
  "14 Register Request" : {
    "transaction" : "14 Register Request",
    "sampleCount" : 15000,
    "errorCount" : 0,
    "errorPct" : 0.0,
    "meanResTime" : 311.0800000000002,
    "medianResTime" : 242.0,
    "minResTime" : 2.0,
    "maxResTime" : 1415.0,
    "pct1ResTime" : 730.0,
    "pct2ResTime" : 924.0,
    "pct3ResTime" : 1081.9899999999998,
    "throughput" : 243.11971214626084,
    "receivedKBytesPerSec" : 41.54877893124574,
    "sentKBytesPerSec" : 66.0091544701611
  },
  "19 Place Stock Order Request" : {
    "transaction" : "19 Place Stock Order Request",
    "sampleCount" : 15000,
    "errorCount" : 0,
    "errorPct" : 0.0,
    "meanResTime" : 2052.83626666667,
    "medianResTime" : 1969.0,
    "minResTime" : 268.0,
    "maxResTime" : 5759.0,
    "pct1ResTime" : 3449.0,
    "pct2ResTime" : 4240.0,
    "pct3ResTime" : 4648.909999999998,
    "throughput" : 237.16539914936678,
    "receivedKBytesPerSec" : 40.53119614369061,
    "sentKBytesPerSec" : 112.12894423352095
  },
  "Total" : {
    "transaction" : "Total",
    "sampleCount" : 150000,
    "errorCount" : 0,
    "errorPct" : 0.0,
    "meanResTime" : 1238.6361533333306,
    "medianResTime" : 74.0,
    "minResTime" : 0.0,
    "maxResTime" : 10340.0,
    "pct1ResTime" : 935.0,
    "pct2ResTime" : 1258.0,
    "pct3ResTime" : 1545.9900000000016,
    "throughput" : 2063.983488132095,
    "receivedKBytesPerSec" : 548.4743587676298,
    "sentKBytesPerSec" : 708.7435500515996
  },
  "20 Get Stock Transactions Request" : {
    "transaction" : "20 Get Stock Transactions Request",
    "sampleCount" : 15000,
    "errorCount" : 0,
    "errorPct" : 0.0,
    "meanResTime" : 996.7970666666736,
    "medianResTime" : 878.0,
    "minResTime" : 2.0,
    "maxResTime" : 5064.0,
    "pct1ResTime" : 1968.0,
    "pct2ResTime" : 2378.0,
    "pct3ResTime" : 3386.99,
    "throughput" : 239.18485800392264,
    "receivedKBytesPerSec" : 115.15442870696666,
    "sentKBytesPerSec" : 82.71845488076634
  },
  "17 Add Money Request" : {
    "transaction" : "17 Add Money Request",
    "sampleCount" : 15000,
    "errorCount" : 0,
    "errorPct" : 0.0,
    "meanResTime" : 3312.4976666666676,
    "medianResTime" : 2197.5,
    "minResTime" : 1.0,
    "maxResTime" : 10340.0,
    "pct1ResTime" : 6852.9,
    "pct2ResTime" : 7872.899999999998,
    "pct3ResTime" : 9097.98,
    "throughput" : 238.70526265535736,
    "receivedKBytesPerSec" : 40.794356410827675,
    "sentKBytesPerSec" : 90.24524417061856
  },
  "18 Get Wallet Balance Request" : {
    "transaction" : "18 Get Wallet Balance Request",
    "sampleCount" : 15000,
    "errorCount" : 0,
    "errorPct" : 0.0,
    "meanResTime" : 1963.3309333333336,
    "medianResTime" : 1648.0,
    "minResTime" : 3.0,
    "maxResTime" : 7615.0,
    "pct1ResTime" : 3819.0,
    "pct2ResTime" : 4461.949999999999,
    "pct3ResTime" : 6192.959999999999,
    "throughput" : 238.20488796430104,
    "receivedKBytesPerSec" : 43.73292864969589,
    "sentKBytesPerSec" : 81.4490592643836
  },
  "22 Get Wallet Balance Request" : {
    "transaction" : "22 Get Wallet Balance Request",
    "sampleCount" : 15000,
    "errorCount" : 0,
    "errorPct" : 0.0,
    "meanResTime" : 1518.6266000000098,
    "medianResTime" : 830.0,
    "minResTime" : 1.0,
    "maxResTime" : 7631.0,
    "pct1ResTime" : 3719.0,
    "pct2ResTime" : 4614.0,
    "pct3ResTime" : 7125.0,
    "throughput" : 244.85398540670246,
    "receivedKBytesPerSec" : 44.714546163138046,
    "sentKBytesPerSec" : 83.72257571599386
  },
  "15 Login Request" : {
    "transaction" : "15 Login Request",
    "sampleCount" : 15000,
    "errorCount" : 0,
    "errorPct" : 0.0,
    "meanResTime" : 221.58713333333498,
    "medianResTime" : 177.0,
    "minResTime" : 2.0,
    "maxResTime" : 1341.0,
    "pct1ResTime" : 475.0,
    "pct2ResTime" : 579.0,
    "pct3ResTime" : 836.9899999999998,
    "throughput" : 243.47487339306585,
    "receivedKBytesPerSec" : 83.01324947145663,
    "sentKBytesPerSec" : 61.384961165757694
  },
  "21 Get Wallet Transactions Request" : {
    "transaction" : "21 Get Wallet Transactions Request",
    "sampleCount" : 15000,
    "errorCount" : 0,
    "errorPct" : 0.0,
    "meanResTime" : 1013.6040000000007,
    "medianResTime" : 807.0,
    "minResTime" : 1.0,
    "maxResTime" : 6054.0,
    "pct1ResTime" : 2078.0,
    "pct2ResTime" : 2570.0,
    "pct3ResTime" : 4980.0,
    "throughput" : 242.60852688102477,
    "receivedKBytesPerSec" : 83.39668111535227,
    "sentKBytesPerSec" : 84.13940121688393
  }
}