{
  "23 Get Stock Portfolio Request" : {
    "transaction" : "23 Get Stock Portfolio Request",
    "sampleCount" : 5000,
    "errorCount" : 0,
    "errorPct" : 0.0,
    "meanResTime" : 681.4567999999979,
    "medianResTime" : 321.0,
    "minResTime" : 1.0,
    "maxResTime" : 3582.0,
    "pct1ResTime" : 1841.9000000000005,
    "pct2ResTime" : 2501.95,
    "pct3ResTime" : 3117.8799999999974,
    "throughput" : 257.82498839787553,
    "receivedKBytesPerSec" : 67.22585146702419,
    "sentKBytesPerSec" : 89.0312991478884
  },
  "16 Get Stock Prices Request" : {
    "transaction" : "16 Get Stock Prices Request",
    "sampleCount" : 5000,
    "errorCount" : 0,
    "errorPct" : 0.0,
    "meanResTime" : 76.4441999999998,
    "medianResTime" : 22.0,
    "minResTime" : 1.0,
    "maxResTime" : 1779.0,
    "pct1ResTime" : 189.0,
    "pct2ResTime" : 264.0,
    "pct3ResTime" : 877.9299999999985,
    "throughput" : 277.97854005670763,
    "receivedKBytesPerSec" : 97.72683048868629,
    "sentKBytesPerSec" : 95.17626879829878
  },
  "14 Register Request" : {
    "transaction" : "14 Register Request",
    "sampleCount" : 5000,
    "errorCount" : 0,
    "errorPct" : 0.0,
    "meanResTime" : 346.37759999999963,
    "medianResTime" : 334.0,
    "minResTime" : 3.0,
    "maxResTime" : 1890.0,
    "pct1ResTime" : 643.9000000000005,
    "pct2ResTime" : 760.9499999999998,
    "pct3ResTime" : 1213.9399999999987,
    "throughput" : 318.55249745158005,
    "receivedKBytesPerSec" : 54.44012407619776,
    "sentKBytesPerSec" : 83.59620136101555
  },
  "19 Place Stock Order Request" : {
    "transaction" : "19 Place Stock Order Request",
    "sampleCount" : 5000,
    "errorCount" : 0,
    "errorPct" : 0.0,
    "meanResTime" : 1676.8507999999988,
    "medianResTime" : 1537.5,
    "minResTime" : 338.0,
    "maxResTime" : 4086.0,
    "pct1ResTime" : 2650.0,
    "pct2ResTime" : 2931.0,
    "pct3ResTime" : 3492.959999999999,
    "throughput" : 213.5930624973301,
    "receivedKBytesPerSec" : 36.50272064163356,
    "sentKBytesPerSec" : 101.49933986394123
  },
  "Total" : {
    "transaction" : "Total",
    "sampleCount" : 50000,
    "errorCount" : 0,
    "errorPct" : 0.0,
    "meanResTime" : 967.9284799999988,
    "medianResTime" : 785.0,
    "minResTime" : 1.0,
    "maxResTime" : 6260.0,
    "pct1ResTime" : 2031.0,
    "pct2ResTime" : 2476.0,
    "pct3ResTime" : 2730.0,
    "throughput" : 1750.6389832288785,
    "receivedKBytesPerSec" : 465.62969116540035,
    "sentKBytesPerSec" : 600.1680408270894
  },
  "20 Get Stock Transactions Request" : {
    "transaction" : "20 Get Stock Transactions Request",
    "sampleCount" : 5000,
    "errorCount" : 0,
    "errorPct" : 0.0,
    "meanResTime" : 1181.6051999999981,
    "medianResTime" : 997.0,
    "minResTime" : 16.0,
    "maxResTime" : 4538.0,
    "pct1ResTime" : 2411.0,
    "pct2ResTime" : 2573.0,
    "pct3ResTime" : 2840.0,
    "throughput" : 217.66575247050628,
    "receivedKBytesPerSec" : 104.79415621871055,
    "sentKBytesPerSec" : 75.80133306669279
  },
  "17 Add Money Request" : {
    "transaction" : "17 Add Money Request",
    "sampleCount" : 5000,
    "errorCount" : 0,
    "errorPct" : 0.0,
    "meanResTime" : 2000.8662000000068,
    "medianResTime" : 1935.0,
    "minResTime" : 10.0,
    "maxResTime" : 6260.0,
    "pct1ResTime" : 3622.800000000001,
    "pct2ResTime" : 4073.8499999999995,
    "pct3ResTime" : 4642.99,
    "throughput" : 246.2568951930654,
    "receivedKBytesPerSec" : 42.08491861209614,
    "sentKBytesPerSec" : 93.69411122808314
  },
  "18 Get Wallet Balance Request" : {
    "transaction" : "18 Get Wallet Balance Request",
    "sampleCount" : 5000,
    "errorCount" : 0,
    "errorPct" : 0.0,
    "meanResTime" : 1311.946600000001,
    "medianResTime" : 1067.0,
    "minResTime" : 24.0,
    "maxResTime" : 4601.0,
    "pct1ResTime" : 2601.9000000000005,
    "pct2ResTime" : 3436.95,
    "pct3ResTime" : 4013.9799999999996,
    "throughput" : 219.57753282684118,
    "receivedKBytesPerSec" : 40.313062667427864,
    "sentKBytesPerSec" : 75.60937911707873
  },
  "22 Get Wallet Balance Request" : {
    "transaction" : "22 Get Wallet Balance Request",
    "sampleCount" : 5000,
    "errorCount" : 0,
    "errorPct" : 0.0,
    "meanResTime" : 934.8482000000006,
    "medianResTime" : 682.0,
    "minResTime" : 2.0,
    "maxResTime" : 5278.0,
    "pct1ResTime" : 2139.0,
    "pct2ResTime" : 2501.95,
    "pct3ResTime" : 2744.959999999999,
    "throughput" : 234.03856955626287,
    "receivedKBytesPerSec" : 42.73946533888785,
    "sentKBytesPerSec" : 80.58889589379329
  },
  "15 Login Request" : {
    "transaction" : "15 Login Request",
    "sampleCount" : 5000,
    "errorCount" : 0,
    "errorPct" : 0.0,
    "meanResTime" : 298.818999999999,
    "medianResTime" : 260.0,
    "minResTime" : 2.0,
    "maxResTime" : 2004.0,
    "pct1ResTime" : 483.0,
    "pct2ResTime" : 640.8999999999996,
    "pct3ResTime" : 1757.0,
    "throughput" : 286.25407912062747,
    "receivedKBytesPerSec" : 98.28925169605543,
    "sentKBytesPerSec" : 67.64988979217955
  },
  "21 Get Wallet Transactions Request" : {
    "transaction" : "21 Get Wallet Transactions Request",
    "sampleCount" : 5000,
    "errorCount" : 0,
    "errorPct" : 0.0,
    "meanResTime" : 1170.0701999999999,
    "medianResTime" : 899.5,
    "minResTime" : 8.0,
    "maxResTime" : 3928.0,
    "pct1ResTime" : 2612.0,
    "pct2ResTime" : 3266.95,
    "pct3ResTime" : 3700.909999999998,
    "throughput" : 225.58087074216107,
    "receivedKBytesPerSec" : 77.54342431761786,
    "sentKBytesPerSec" : 78.77803899729304
  }
}