{
  "23 Get Stock Portfolio Request" : {
    "transaction" : "23 Get Stock Portfolio Request",
    "sampleCount" : 5000,
    "errorCount" : 0,
    "errorPct" : 0.0,
    "meanResTime" : 607.967399999999,
    "medianResTime" : 277.0,
    "minResTime" : 1.0,
    "maxResTime" : 4290.0,
    "pct1ResTime" : 1689.0,
    "pct2ResTime" : 1939.9499999999998,
    "pct3ResTime" : 2522.8899999999976,
    "throughput" : 254.49177991550874,
    "receivedKBytesPerSec" : 66.35674339593831,
    "sentKBytesPerSec" : 87.88028627144094
  },
  "16 Get Stock Prices Request" : {
    "transaction" : "16 Get Stock Prices Request",
    "sampleCount" : 5000,
    "errorCount" : 0,
    "errorPct" : 0.0,
    "meanResTime" : 83.56280000000018,
    "medianResTime" : 20.0,
    "minResTime" : 1.0,
    "maxResTime" : 1815.0,
    "pct1ResTime" : 197.90000000000055,
    "pct2ResTime" : 358.9499999999998,
    "pct3ResTime" : 1217.9399999999987,
    "throughput" : 270.7092582566324,
    "receivedKBytesPerSec" : 95.17122360584733,
    "sentKBytesPerSec" : 92.68736041553872
  },
  "14 Register Request" : {
    "transaction" : "14 Register Request",
    "sampleCount" : 5000,
    "errorCount" : 0,
    "errorPct" : 0.0,
    "meanResTime" : 490.6502000000003,
    "medianResTime" : 504.0,
    "minResTime" : 2.0,
    "maxResTime" : 1966.0,
    "pct1ResTime" : 877.9000000000005,
    "pct2ResTime" : 1033.9499999999998,
    "pct3ResTime" : 1369.9699999999993,
    "throughput" : 309.4059405940594,
    "receivedKBytesPerSec" : 52.87699180074257,
    "sentKBytesPerSec" : 81.19591439124382
  },
  "19 Place Stock Order Request" : {
    "transaction" : "19 Place Stock Order Request",
    "sampleCount" : 5000,
    "errorCount" : 0,
    "errorPct" : 0.0,
    "meanResTime" : 1462.3940000000005,
    "medianResTime" : 1322.5,
    "minResTime" : 262.0,
    "maxResTime" : 4807.0,
    "pct1ResTime" : 2249.0,
    "pct2ResTime" : 2612.0,
    "pct3ResTime" : 4054.9799999999996,
    "throughput" : 211.2735570016057,
    "receivedKBytesPerSec" : 36.106320776641596,
    "sentKBytesPerSec" : 100.39711175842982
  },
  "Total" : {
    "transaction" : "Total",
    "sampleCount" : 50000,
    "errorCount" : 0,
    "errorPct" : 0.0,
    "meanResTime" : 914.0336200000082,
    "medianResTime" : 736.0,
    "minResTime" : 1.0,
    "maxResTime" : 6526.0,
    "pct1ResTime" : 1889.9000000000015,
    "pct2ResTime" : 2335.9000000000015,
    "pct3ResTime" : 3315.0,
    "throughput" : 1737.5590770086183,
    "receivedKBytesPerSec" : 462.150737050841,
    "sentKBytesPerSec" : 595.6838828906901
  },
  "20 Get Stock Transactions Request" : {
    "transaction" : "20 Get Stock Transactions Request",
    "sampleCount" : 5000,
    "errorCount" : 0,
    "errorPct" : 0.0,
    "meanResTime" : 1167.5129999999945,
    "medianResTime" : 918.5,
    "minResTime" : 6.0,
    "maxResTime" : 4353.0,
    "pct1ResTime" : 2109.9000000000005,
    "pct2ResTime" : 2744.0,
    "pct3ResTime" : 3270.0,
    "throughput" : 219.85753231905724,
    "receivedKBytesPerSec" : 105.84937835282736,
    "sentKBytesPerSec" : 76.56461269347463
  },
  "17 Add Money Request" : {
    "transaction" : "17 Add Money Request",
    "sampleCount" : 5000,
    "errorCount" : 0,
    "errorPct" : 0.0,
    "meanResTime" : 1865.0335999999982,
    "medianResTime" : 1672.0,
    "minResTime" : 4.0,
    "maxResTime" : 6526.0,
    "pct1ResTime" : 3885.9000000000005,
    "pct2ResTime" : 4721.0,
    "pct3ResTime" : 5348.0,
    "throughput" : 229.63167080003674,
    "receivedKBytesPerSec" : 39.24369374024065,
    "sentKBytesPerSec" : 87.36866144828694
  },
  "18 Get Wallet Balance Request" : {
    "transaction" : "18 Get Wallet Balance Request",
    "sampleCount" : 5000,
    "errorCount" : 0,
    "errorPct" : 0.0,
    "meanResTime" : 1328.403799999996,
    "medianResTime" : 945.0,
    "minResTime" : 4.0,
    "maxResTime" : 4861.0,
    "pct1ResTime" : 2664.600000000002,
    "pct2ResTime" : 3153.0,
    "pct3ResTime" : 4116.819999999996,
    "throughput" : 219.07724663716428,
    "receivedKBytesPerSec" : 40.22121324979187,
    "sentKBytesPerSec" : 75.43711045327082
  },
  "22 Get Wallet Balance Request" : {
    "transaction" : "22 Get Wallet Balance Request",
    "sampleCount" : 5000,
    "errorCount" : 0,
    "errorPct" : 0.0,
    "meanResTime" : 824.6878000000003,
    "medianResTime" : 548.5,
    "minResTime" : 1.0,
    "maxResTime" : 4483.0,
    "pct1ResTime" : 2293.0,
    "pct2ResTime" : 2949.8999999999996,
    "pct3ResTime" : 3927.9399999999987,
    "throughput" : 233.38312173263628,
    "receivedKBytesPerSec" : 42.61976930078417,
    "sentKBytesPerSec" : 80.36319883658514
  },
  "15 Login Request" : {
    "transaction" : "15 Login Request",
    "sampleCount" : 5000,
    "errorCount" : 0,
    "errorPct" : 0.0,
    "meanResTime" : 417.4628000000001,
    "medianResTime" : 373.0,
    "minResTime" : 1.0,
    "maxResTime" : 1968.0,
    "pct1ResTime" : 897.0,
    "pct2ResTime" : 1053.0,
    "pct3ResTime" : 1543.9899999999998,
    "throughput" : 279.87685418415896,
    "receivedKBytesPerSec" : 96.0995443254968,
    "sentKBytesPerSec" : 66.1427721802407
  },
  "21 Get Wallet Transactions Request" : {
    "transaction" : "21 Get Wallet Transactions Request",
    "sampleCount" : 5000,
    "errorCount" : 0,
    "errorPct" : 0.0,
    "meanResTime" : 892.6608000000057,
    "medianResTime" : 675.0,
    "minResTime" : 1.0,
    "maxResTime" : 4588.0,
    "pct1ResTime" : 2125.4000000000033,
    "pct2ResTime" : 2680.0,
    "pct3ResTime" : 3007.99,
    "throughput" : 223.42374547566914,
    "receivedKBytesPerSec" : 76.80191250726126,
    "sentKBytesPerSec" : 78.02472113923767
  }
}