{
  "23 Get Stock Portfolio Request" : {
    "transaction" : "23 Get Stock Portfolio Request",
    "sampleCount" : 1000,
    "errorCount" : 0,
    "errorPct" : 0.0,
    "meanResTime" : 21.482000000000003,
    "medianResTime" : 10.0,
    "minResTime" : 1.0,
    "maxResTime" : 251.0,
    "pct1ResTime" : 56.89999999999998,
    "pct2ResTime" : 76.0,
    "pct3ResTime" : 129.98000000000002,
    "throughput" : 69.07031357922365,
    "receivedKBytesPerSec" : 18.481705000690702,
    "sentKBytesPerSec" : 23.843962607058987
  },
  "16 Get Stock Prices Request" : {
    "transaction" : "16 Get Stock Prices Request",
    "sampleCount" : 1000,
    "errorCount" : 0,
    "errorPct" : 0.0,
    "meanResTime" : 4.7669999999999995,
    "medianResTime" : 4.0,
    "minResTime" : 1.0,
    "maxResTime" : 49.0,
    "pct1ResTime" : 8.0,
    "pct2ResTime" : 11.949999999999932,
    "pct3ResTime" : 29.970000000000027,
    "throughput" : 67.92555359326178,
    "receivedKBytesPerSec" : 24.344412274147537,
    "sentKBytesPerSec" : 23.249776057940498
  },
  "14 Register Request" : {
    "transaction" : "14 Register Request",
    "sampleCount" : 1000,
    "errorCount" : 0,
    "errorPct" : 0.0,
    "meanResTime" : 24.004,
    "medianResTime" : 12.0,
    "minResTime" : 3.0,
    "maxResTime" : 171.0,
    "pct1ResTime" : 65.89999999999998,
    "pct2ResTime" : 90.0,
    "pct3ResTime" : 158.99,
    "throughput" : 67.35367414292449,
    "receivedKBytesPerSec" : 11.971063177746347,
    "sentKBytesPerSec" : 17.66935502542601
  },
  "19 Place Stock Order Request" : {
    "transaction" : "19 Place Stock Order Request",
    "sampleCount" : 1000,
    "errorCount" : 0,
    "errorPct" : 0.0,
    "meanResTime" : 324.03499999999997,
    "medianResTime" : 294.0,
    "minResTime" : 254.0,
    "maxResTime" : 872.0,
    "pct1ResTime" : 410.0,
    "pct2ResTime" : 527.8499999999998,
    "pct3ResTime" : 706.95,
    "throughput" : 66.85385746757588,
    "receivedKBytesPerSec" : 11.882228573338681,
    "sentKBytesPerSec" : 31.761980420176492
  },
  "Total" : {
    "transaction" : "Total",
    "sampleCount" : 10000,
    "errorCount" : 8,
    "errorPct" : 0.08,
    "meanResTime" : 53.629000000000104,
    "medianResTime" : 13.0,
    "minResTime" : 1.0,
    "maxResTime" : 872.0,
    "pct1ResTime" : 254.89999999999964,
    "pct2ResTime" : 295.0,
    "pct3ResTime" : 410.0,
    "throughput" : 509.3465084296848,
    "receivedKBytesPerSec" : 138.94346015000255,
    "sentKBytesPerSec" : 174.5714028198696
  },
  "20 Get Stock Transactions Request" : {
    "transaction" : "20 Get Stock Transactions Request",
    "sampleCount" : 1000,
    "errorCount" : 4,
    "errorPct" : 0.4,
    "meanResTime" : 26.390999999999966,
    "medianResTime" : 14.0,
    "minResTime" : 1.0,
    "maxResTime" : 185.0,
    "pct1ResTime" : 65.0,
    "pct2ResTime" : 94.0,
    "pct3ResTime" : 160.97000000000003,
    "throughput" : 68.6294694942008,
    "receivedKBytesPerSec" : 33.500295964587195,
    "sentKBytesPerSec" : 23.89284044506211
  },
  "17 Add Money Request" : {
    "transaction" : "17 Add Money Request",
    "sampleCount" : 1000,
    "errorCount" : 0,
    "errorPct" : 0.0,
    "meanResTime" : 40.98700000000001,
    "medianResTime" : 21.0,
    "minResTime" : 1.0,
    "maxResTime" : 357.0,
    "pct1ResTime" : 104.89999999999998,
    "pct2ResTime" : 147.94999999999993,
    "pct3ResTime" : 271.94000000000005,
    "throughput" : 67.9532481652623,
    "receivedKBytesPerSec" : 12.077628091872793,
    "sentKBytesPerSec" : 25.84731860729818
  },
  "18 Get Wallet Balance Request" : {
    "transaction" : "18 Get Wallet Balance Request",
    "sampleCount" : 1000,
    "errorCount" : 0,
    "errorPct" : 0.0,
    "meanResTime" : 29.971999999999934,
    "medianResTime" : 17.0,
    "minResTime" : 1.0,
    "maxResTime" : 278.0,
    "pct1ResTime" : 77.0,
    "pct2ResTime" : 107.94999999999993,
    "pct3ResTime" : 161.94000000000005,
    "throughput" : 67.99483239273815,
    "receivedKBytesPerSec" : 12.948234684164003,
    "sentKBytesPerSec" : 23.406291434350987
  },
  "22 Get Wallet Balance Request" : {
    "transaction" : "22 Get Wallet Balance Request",
    "sampleCount" : 1000,
    "errorCount" : 0,
    "errorPct" : 0.0,
    "meanResTime" : 21.376999999999956,
    "medianResTime" : 11.0,
    "minResTime" : 1.0,
    "maxResTime" : 218.0,
    "pct1ResTime" : 55.89999999999998,
    "pct2ResTime" : 77.0,
    "pct3ResTime" : 134.94000000000005,
    "throughput" : 68.99882701994066,
    "receivedKBytesPerSec" : 13.072043400262196,
    "sentKBytesPerSec" : 23.75190285827641
  },
  "15 Login Request" : {
    "transaction" : "15 Login Request",
    "sampleCount" : 1000,
    "errorCount" : 0,
    "errorPct" : 0.0,
    "meanResTime" : 21.040000000000017,
    "medianResTime" : 11.0,
    "minResTime" : 2.0,
    "maxResTime" : 182.0,
    "pct1ResTime" : 53.0,
    "pct2ResTime" : 77.8499999999998,
    "pct3ResTime" : 143.96000000000004,
    "throughput" : 67.84260515603799,
    "receivedKBytesPerSec" : 23.751404553934872,
    "sentKBytesPerSec" : 16.03311567164179
  },
  "21 Get Wallet Transactions Request" : {
    "transaction" : "21 Get Wallet Transactions Request",
    "sampleCount" : 1000,
    "errorCount" : 4,
    "errorPct" : 0.4,
    "meanResTime" : 22.235000000000017,
    "medianResTime" : 11.0,
    "minResTime" : 1.0,
    "maxResTime" : 198.0,
    "pct1ResTime" : 56.89999999999998,
    "pct2ResTime" : 79.0,
    "pct3ResTime" : 142.95000000000005,
    "throughput" : 68.9512514652141,
    "receivedKBytesPerSec" : 24.17333913673033,
    "sentKBytesPerSec" : 24.072201656553815
  }
}