{
  "23 Get Stock Portfolio Request" : {
    "transaction" : "23 Get Stock Portfolio Request",
    "sampleCount" : 1000,
    "errorCount" : 752,
    "errorPct" : 75.2,
    "meanResTime" : 51.49900000000008,
    "medianResTime" : 23.0,
    "minResTime" : 1.0,
    "maxResTime" : 448.0,
    "pct1ResTime" : 142.89999999999998,
    "pct2ResTime" : 197.89999999999986,
    "pct3ResTime" : 348.85000000000014,
    "throughput" : 69.32889628397115,
    "receivedKBytesPerSec" : 13.765035704381587,
    "sentKBytesPerSec" : 24.3525872677482
  },
  "16 Get Stock Prices Request" : {
    "transaction" : "16 Get Stock Prices Request",
    "sampleCount" : 1000,
    "errorCount" : 0,
    "errorPct" : 0.0,
    "meanResTime" : 7.0680000000000005,
    "medianResTime" : 4.0,
    "minResTime" : 1.0,
    "maxResTime" : 80.0,
    "pct1ResTime" : 14.899999999999977,
    "pct2ResTime" : 23.0,
    "pct3ResTime" : 53.99000000000001,
    "throughput" : 68.11989100817439,
    "receivedKBytesPerSec" : 24.4140625,
    "sentKBytesPerSec" : 23.728340003405997
  },
  "14 Register Request" : {
    "transaction" : "14 Register Request",
    "sampleCount" : 1000,
    "errorCount" : 0,
    "errorPct" : 0.0,
    "meanResTime" : 50.65900000000002,
    "medianResTime" : 25.0,
    "minResTime" : 3.0,
    "maxResTime" : 372.0,
    "pct1ResTime" : 138.0,
    "pct2ResTime" : 205.0,
    "pct3ResTime" : 308.96000000000004,
    "throughput" : 67.32646603379789,
    "receivedKBytesPerSec" : 11.966227361475797,
    "sentKBytesPerSec" : 18.5233912130546
  },
  "19 Place Stock Order Request" : {
    "transaction" : "19 Place Stock Order Request",
    "sampleCount" : 1000,
    "errorCount" : 0,
    "errorPct" : 0.0,
    "meanResTime" : 373.2510000000001,
    "medianResTime" : 344.0,
    "minResTime" : 255.0,
    "maxResTime" : 876.0,
    "pct1ResTime" : 530.9,
    "pct2ResTime" : 614.9499999999999,
    "pct3ResTime" : 782.98,
    "throughput" : 66.99269779594024,
    "receivedKBytesPerSec" : 11.906905272325316,
    "sentKBytesPerSec" : 32.233170178200574
  },
  "Total" : {
    "transaction" : "Total",
    "sampleCount" : 10000,
    "errorCount" : 3509,
    "errorPct" : 35.09,
    "meanResTime" : 82.84329999999991,
    "medianResTime" : 31.0,
    "minResTime" : 1.0,
    "maxResTime" : 876.0,
    "pct1ResTime" : 277.0,
    "pct2ResTime" : 356.0,
    "pct3ResTime" : 531.0,
    "throughput" : 508.440105755542,
    "receivedKBytesPerSec" : 125.62398113369433,
    "sentKBytesPerSec" : 177.9831829462833
  },
  "20 Get Stock Transactions Request" : {
    "transaction" : "20 Get Stock Transactions Request",
    "sampleCount" : 1000,
    "errorCount" : 970,
    "errorPct" : 97.0,
    "meanResTime" : 54.96999999999994,
    "medianResTime" : 33.5,
    "minResTime" : 2.0,
    "maxResTime" : 411.0,
    "pct1ResTime" : 127.0,
    "pct2ResTime" : 195.94999999999993,
    "pct3ResTime" : 335.95000000000005,
    "throughput" : 68.29668078131402,
    "receivedKBytesPerSec" : 30.889574938532988,
    "sentKBytesPerSec" : 24.190097408140964
  },
  "17 Add Money Request" : {
    "transaction" : "17 Add Money Request",
    "sampleCount" : 1000,
    "errorCount" : 0,
    "errorPct" : 0.0,
    "meanResTime" : 77.1879999999999,
    "medianResTime" : 48.0,
    "minResTime" : 2.0,
    "maxResTime" : 640.0,
    "pct1ResTime" : 192.0,
    "pct2ResTime" : 257.94999999999993,
    "pct3ResTime" : 394.96000000000004,
    "throughput" : 68.14310051107326,
    "receivedKBytesPerSec" : 12.111371379897784,
    "sentKBytesPerSec" : 26.33171848381601
  },
  "18 Get Wallet Balance Request" : {
    "transaction" : "18 Get Wallet Balance Request",
    "sampleCount" : 1000,
    "errorCount" : 0,
    "errorPct" : 0.0,
    "meanResTime" : 60.05199999999999,
    "medianResTime" : 36.5,
    "minResTime" : 2.0,
    "maxResTime" : 450.0,
    "pct1ResTime" : 147.89999999999998,
    "pct2ResTime" : 211.0,
    "pct3ResTime" : 305.95000000000005,
    "throughput" : 68.18956699624958,
    "receivedKBytesPerSec" : 12.985317933856122,
    "sentKBytesPerSec" : 23.885793129901128
  },
  "22 Get Wallet Balance Request" : {
    "transaction" : "22 Get Wallet Balance Request",
    "sampleCount" : 1000,
    "errorCount" : 817,
    "errorPct" : 81.7,
    "meanResTime" : 53.259999999999984,
    "medianResTime" : 29.0,
    "minResTime" : 1.0,
    "maxResTime" : 464.0,
    "pct1ResTime" : 134.89999999999998,
    "pct2ResTime" : 195.74999999999966,
    "pct3ResTime" : 304.0,
    "throughput" : 68.70491240123668,
    "receivedKBytesPerSec" : 13.071176678976297,
    "sentKBytesPerSec" : 24.066310975609756
  },
  "15 Login Request" : {
    "transaction" : "15 Login Request",
    "sampleCount" : 1000,
    "errorCount" : 0,
    "errorPct" : 0.0,
    "meanResTime" : 43.522000000000055,
    "medianResTime" : 22.5,
    "minResTime" : 2.0,
    "maxResTime" : 339.0,
    "pct1ResTime" : 119.89999999999998,
    "pct2ResTime" : 170.94999999999993,
    "pct3ResTime" : 262.95000000000005,
    "throughput" : 67.97172376291464,
    "receivedKBytesPerSec" : 24.207757697797717,
    "sentKBytesPerSec" : 16.881414831430124
  },
  "21 Get Wallet Transactions Request" : {
    "transaction" : "21 Get Wallet Transactions Request",
    "sampleCount" : 1000,
    "errorCount" : 970,
    "errorPct" : 97.0,
    "meanResTime" : 56.96400000000001,
    "medianResTime" : 31.0,
    "minResTime" : 1.0,
    "maxResTime" : 430.0,
    "pct1ResTime" : 141.0,
    "pct2ResTime" : 201.0,
    "pct3ResTime" : 308.98,
    "throughput" : 68.49784231796698,
    "receivedKBytesPerSec" : 13.118273297828619,
    "sentKBytesPerSec" : 24.328239519830124
  }
}