{
  "23 Get Stock Portfolio Request" : {
    "transaction" : "23 Get Stock Portfolio Request",
    "sampleCount" : 100,
    "errorCount" : 0,
    "errorPct" : 0.0,
    "meanResTime" : 5.17,
    "medianResTime" : 5.0,
    "minResTime" : 2.0,
    "maxResTime" : 18.0,
    "pct1ResTime" : 8.0,
    "pct2ResTime" : 9.0,
    "pct3ResTime" : 17.949999999999974,
    "throughput" : 6.848845969454147,
    "receivedKBytesPerSec" : 1.832601362920348,
    "sentKBytesPerSec" : 2.4048545476337235
  },
  "16 Get Stock Prices Request" : {
    "transaction" : "16 Get Stock Prices Request",
    "sampleCount" : 100,
    "errorCount" : 0,
    "errorPct" : 0.0,
    "meanResTime" : 2.8800000000000012,
    "medianResTime" : 3.0,
    "minResTime" : 1.0,
    "maxResTime" : 7.0,
    "pct1ResTime" : 4.0,
    "pct2ResTime" : 5.0,
    "pct3ResTime" : 6.989999999999995,
    "throughput" : 6.8296680781314025,
    "receivedKBytesPerSec" : 2.447742367845923,
    "sentKBytesPerSec" : 2.3781117675180985
  },
  "14 Register Request" : {
    "transaction" : "14 Register Request",
    "sampleCount" : 100,
    "errorCount" : 0,
    "errorPct" : 0.0,
    "meanResTime" : 9.25,
    "medianResTime" : 9.0,
    "minResTime" : 4.0,
    "maxResTime" : 43.0,
    "pct1ResTime" : 12.0,
    "pct2ResTime" : 16.94999999999999,
    "pct3ResTime" : 42.7999999999999,
    "throughput" : 6.7897881586094515,
    "receivedKBytesPerSec" : 1.2067787547528517,
    "sentKBytesPerSec" : 1.874286541791146
  },
  "19 Place Stock Order Request" : {
    "transaction" : "19 Place Stock Order Request",
    "sampleCount" : 100,
    "errorCount" : 0,
    "errorPct" : 0.0,
    "meanResTime" : 260.71,
    "medianResTime" : 260.0,
    "minResTime" : 255.0,
    "maxResTime" : 302.0,
    "pct1ResTime" : 264.0,
    "pct2ResTime" : 266.95,
    "pct3ResTime" : 301.76999999999987,
    "throughput" : 6.720881779689495,
    "receivedKBytesPerSec" : 1.1945317225620002,
    "sentKBytesPerSec" : 3.232849149808455
  },
  "Total" : {
    "transaction" : "Total",
    "sampleCount" : 1000,
    "errorCount" : 0,
    "errorPct" : 0.0,
    "meanResTime" : 30.90799999999996,
    "medianResTime" : 5.0,
    "minResTime" : 1.0,
    "maxResTime" : 302.0,
    "pct1ResTime" : 233.79999999999518,
    "pct2ResTime" : 260.0,
    "pct3ResTime" : 264.0,
    "throughput" : 51.21376626037079,
    "receivedKBytesPerSec" : 14.001563620301138,
    "sentKBytesPerSec" : 17.933020395882412
  },
  "20 Get Stock Transactions Request" : {
    "transaction" : "20 Get Stock Transactions Request",
    "sampleCount" : 100,
    "errorCount" : 0,
    "errorPct" : 0.0,
    "meanResTime" : 5.6099999999999985,
    "medianResTime" : 5.0,
    "minResTime" : 2.0,
    "maxResTime" : 13.0,
    "pct1ResTime" : 9.0,
    "pct2ResTime" : 9.0,
    "pct3ResTime" : 12.969999999999985,
    "throughput" : 6.843221788818176,
    "receivedKBytesPerSec" : 3.341416889071375,
    "sentKBytesPerSec" : 2.422928214603435
  },
  "17 Add Money Request" : {
    "transaction" : "17 Add Money Request",
    "sampleCount" : 100,
    "errorCount" : 0,
    "errorPct" : 0.0,
    "meanResTime" : 5.920000000000001,
    "medianResTime" : 5.0,
    "minResTime" : 2.0,
    "maxResTime" : 13.0,
    "pct1ResTime" : 10.0,
    "pct2ResTime" : 10.949999999999989,
    "pct3ResTime" : 13.0,
    "throughput" : 6.832467887400929,
    "receivedKBytesPerSec" : 1.2143644096747745,
    "sentKBytesPerSec" : 2.639307614785461
  },
  "18 Get Wallet Balance Request" : {
    "transaction" : "18 Get Wallet Balance Request",
    "sampleCount" : 100,
    "errorCount" : 0,
    "errorPct" : 0.0,
    "meanResTime" : 4.68,
    "medianResTime" : 4.0,
    "minResTime" : 2.0,
    "maxResTime" : 14.0,
    "pct1ResTime" : 7.0,
    "pct2ResTime" : 8.0,
    "pct3ResTime" : 13.97999999999999,
    "throughput" : 6.83526999316473,
    "receivedKBytesPerSec" : 1.3016383287764866,
    "sentKBytesPerSec" : 2.3934125085440874
  },
  "22 Get Wallet Balance Request" : {
    "transaction" : "22 Get Wallet Balance Request",
    "sampleCount" : 100,
    "errorCount" : 0,
    "errorPct" : 0.0,
    "meanResTime" : 4.870000000000003,
    "medianResTime" : 5.0,
    "minResTime" : 2.0,
    "maxResTime" : 11.0,
    "pct1ResTime" : 7.0,
    "pct2ResTime" : 8.0,
    "pct3ResTime" : 11.0,
    "throughput" : 6.8493150684931505,
    "receivedKBytesPerSec" : 1.2976241438356164,
    "sentKBytesPerSec" : 2.398330479452055
  },
  "15 Login Request" : {
    "transaction" : "15 Login Request",
    "sampleCount" : 100,
    "errorCount" : 0,
    "errorPct" : 0.0,
    "meanResTime" : 5.230000000000001,
    "medianResTime" : 5.0,
    "minResTime" : 2.0,
    "maxResTime" : 15.0,
    "pct1ResTime" : 7.0,
    "pct2ResTime" : 9.949999999999989,
    "pct3ResTime" : 14.95999999999998,
    "throughput" : 6.82547266398198,
    "receivedKBytesPerSec" : 2.42997491638796,
    "sentKBytesPerSec" : 1.702968760664801
  },
  "21 Get Wallet Transactions Request" : {
    "transaction" : "21 Get Wallet Transactions Request",
    "sampleCount" : 100,
    "errorCount" : 0,
    "errorPct" : 0.0,
    "meanResTime" : 4.76,
    "medianResTime" : 4.0,
    "minResTime" : 2.0,
    "maxResTime" : 13.0,
    "pct1ResTime" : 7.900000000000006,
    "pct2ResTime" : 8.949999999999989,
    "pct3ResTime" : 12.989999999999995,
    "throughput" : 6.846970215679562,
    "receivedKBytesPerSec" : 2.400451472098596,
    "sentKBytesPerSec" : 2.4309418863402943
  }
}