{
  "23 Get Stock Portfolio Request" : {
    "transaction" : "23 Get Stock Portfolio Request",
    "sampleCount" : 10000,
    "errorCount" : 8668,
    "errorPct" : 86.68,
    "meanResTime" : 802.830299999998,
    "medianResTime" : 585.0,
    "minResTime" : 2.0,
    "maxResTime" : 4208.0,
    "pct1ResTime" : 1875.8999999999996,
    "pct2ResTime" : 2332.949999999999,
    "pct3ResTime" : 3048.9699999999993,
    "throughput" : 129.95620475899622,
    "receivedKBytesPerSec" : 24.4652581376951,
    "sentKBytesPerSec" : 44.83212399608832
  },
  "16 Get Stock Prices Request" : {
    "transaction" : "16 Get Stock Prices Request",
    "sampleCount" : 10000,
    "errorCount" : 5020,
    "errorPct" : 50.2,
    "meanResTime" : 367.52050000000025,
    "medianResTime" : 152.0,
    "minResTime" : 0.0,
    "maxResTime" : 3047.0,
    "pct1ResTime" : 1106.0,
    "pct2ResTime" : 1496.0,
    "pct3ResTime" : 2037.9899999999998,
    "throughput" : 127.39827247942517,
    "receivedKBytesPerSec" : 46.24259945425765,
    "sentKBytesPerSec" : 43.45433150145234
  },
  "14 Register Request" : {
    "transaction" : "14 Register Request",
    "sampleCount" : 10000,
    "errorCount" : 0,
    "errorPct" : 0.0,
    "meanResTime" : 746.3229000000007,
    "medianResTime" : 538.0,
    "minResTime" : 4.0,
    "maxResTime" : 3876.0,
    "pct1ResTime" : 1659.0,
    "pct2ResTime" : 2061.949999999999,
    "pct3ResTime" : 2903.0,
    "throughput" : 128.37794466910586,
    "receivedKBytesPerSec" : 22.817173759548112,
    "sentKBytesPerSec" : 33.6865481978946
  },
  "19 Place Stock Order Request" : {
    "transaction" : "19 Place Stock Order Request",
    "sampleCount" : 10000,
    "errorCount" : 5009,
    "errorPct" : 50.09,
    "meanResTime" : 1321.2092000000011,
    "medianResTime" : 1143.5,
    "minResTime" : 0.0,
    "maxResTime" : 5785.0,
    "pct1ResTime" : 2525.8999999999996,
    "pct2ResTime" : 3078.7499999999945,
    "pct3ResTime" : 4299.98,
    "throughput" : 125.76876155500497,
    "receivedKBytesPerSec" : 24.95650169473406,
    "sentKBytesPerSec" : 57.40474391908038
  },
  "Total" : {
    "transaction" : "Total",
    "sampleCount" : 100000,
    "errorCount" : 47128,
    "errorPct" : 47.128,
    "meanResTime" : 896.9570200000055,
    "medianResTime" : 421.0,
    "minResTime" : 0.0,
    "maxResTime" : 5881.0,
    "pct1ResTime" : 1293.0,
    "pct2ResTime" : 1540.0,
    "pct3ResTime" : 1908.0,
    "throughput" : 1164.5375039303142,
    "receivedKBytesPerSec" : 273.2690969593926,
    "sentKBytesPerSec" : 396.49026592213903
  },
  "20 Get Stock Transactions Request" : {
    "transaction" : "20 Get Stock Transactions Request",
    "sampleCount" : 10000,
    "errorCount" : 9687,
    "errorPct" : 96.87,
    "meanResTime" : 945.7461999999999,
    "medianResTime" : 767.0,
    "minResTime" : 0.0,
    "maxResTime" : 4807.0,
    "pct1ResTime" : 2081.8999999999996,
    "pct2ResTime" : 2559.949999999999,
    "pct3ResTime" : 3168.99,
    "throughput" : 126.90999543124015,
    "receivedKBytesPerSec" : 40.24691479818138,
    "sentKBytesPerSec" : 44.08676013455632
  },
  "17 Add Money Request" : {
    "transaction" : "17 Add Money Request",
    "sampleCount" : 10000,
    "errorCount" : 22,
    "errorPct" : 0.22,
    "meanResTime" : 1299.5017000000016,
    "medianResTime" : 1119.0,
    "minResTime" : 0.0,
    "maxResTime" : 5881.0,
    "pct1ResTime" : 2646.8999999999996,
    "pct2ResTime" : 3140.899999999998,
    "pct3ResTime" : 4004.9699999999993,
    "throughput" : 125.31956489047069,
    "receivedKBytesPerSec" : 22.396698984754874,
    "sentKBytesPerSec" : 47.6189258194333
  },
  "18 Get Wallet Balance Request" : {
    "transaction" : "18 Get Wallet Balance Request",
    "sampleCount" : 10000,
    "errorCount" : 28,
    "errorPct" : 0.28,
    "meanResTime" : 969.5563000000008,
    "medianResTime" : 859.0,
    "minResTime" : 1.0,
    "maxResTime" : 5132.0,
    "pct1ResTime" : 2008.8999999999996,
    "pct2ResTime" : 2405.0,
    "pct3ResTime" : 3143.99,
    "throughput" : 124.65408491436264,
    "receivedKBytesPerSec" : 23.879364645920074,
    "sentKBytesPerSec" : 42.8597628884533
  },
  "22 Get Wallet Balance Request" : {
    "transaction" : "22 Get Wallet Balance Request",
    "sampleCount" : 10000,
    "errorCount" : 8990,
    "errorPct" : 89.9,
    "meanResTime" : 883.9711999999989,
    "medianResTime" : 644.0,
    "minResTime" : 0.0,
    "maxResTime" : 4394.0,
    "pct1ResTime" : 2024.8999999999996,
    "pct2ResTime" : 2511.0,
    "pct3ResTime" : 3148.99,
    "throughput" : 129.17393270038104,
    "receivedKBytesPerSec" : 24.708841451107663,
    "sentKBytesPerSec" : 44.41831111138022
  },
  "15 Login Request" : {
    "transaction" : "15 Login Request",
    "sampleCount" : 10000,
    "errorCount" : 17,
    "errorPct" : 0.17,
    "meanResTime" : 745.8242999999989,
    "medianResTime" : 563.0,
    "minResTime" : 0.0,
    "maxResTime" : 3871.0,
    "pct1ResTime" : 1645.0,
    "pct2ResTime" : 2024.0,
    "pct3ResTime" : 2990.9199999999983,
    "throughput" : 127.78246313475938,
    "receivedKBytesPerSec" : 45.10875685233459,
    "sentKBytesPerSec" : 30.147252317654427
  },
  "21 Get Wallet Transactions Request" : {
    "transaction" : "21 Get Wallet Transactions Request",
    "sampleCount" : 10000,
    "errorCount" : 9687,
    "errorPct" : 96.87,
    "meanResTime" : 887.0876000000025,
    "medianResTime" : 658.0,
    "minResTime" : 1.0,
    "maxResTime" : 4244.0,
    "pct1ResTime" : 1976.8999999999996,
    "pct2ResTime" : 2476.899999999998,
    "pct3ResTime" : 3110.99,
    "throughput" : 128.08525354475938,
    "receivedKBytesPerSec" : 24.013645982766132,
    "sentKBytesPerSec" : 44.67791261863897
  }
}