{
  "16 Get Stock Prices Request" : {
    "transaction" : "16 Get Stock Prices Request",
    "sampleCount" : 1000,
    "errorCount" : 1000,
    "errorPct" : 100.0,
    "meanResTime" : 7.890000000000006,
    "medianResTime" : 5.0,
    "minResTime" : 1.0,
    "maxResTime" : 130.0,
    "pct1ResTime" : 14.0,
    "pct2ResTime" : 22.0,
    "pct3ResTime" : 60.950000000000045,
    "throughput" : 40.46125834513453,
    "receivedKBytesPerSec" : 8.92992615820352,
    "sentKBytesPerSec" : 13.849209108840785
  },
  "14 Register Request" : {
    "transaction" : "14 Register Request",
    "sampleCount" : 1000,
    "errorCount" : 0,
    "errorPct" : 0.0,
    "meanResTime" : 6060.901999999998,
    "medianResTime" : 4236.0,
    "minResTime" : 200.0,
    "maxResTime" : 20790.0,
    "pct1ResTime" : 14869.8,
    "pct2ResTime" : 16716.05,
    "pct3ResTime" : 19333.95,
    "throughput" : 39.07776475185619,
    "receivedKBytesPerSec" : 6.945462094568191,
    "sentKBytesPerSec" : 10.25154021346229
  },
  "Total" : {
    "transaction" : "Total",
    "sampleCount" : 3000,
    "errorCount" : 1000,
    "errorPct" : 33.333332,
    "meanResTime" : 4322.786666666665,
    "medianResTime" : 1919.0,
    "minResTime" : 1.0,
    "maxResTime" : 21934.0,
    "pct1ResTime" : 13322.100000000002,
    "pct2ResTime" : 16130.799999999996,
    "pct3ResTime" : 19323.359999999986,
    "throughput" : 112.49015711125277,
    "receivedKBytesPerSec" : 28.067539207506844,
    "sentKBytesPerSec" : 31.53279996203457
  },
  "15 Login Request" : {
    "transaction" : "15 Login Request",
    "sampleCount" : 1000,
    "errorCount" : 0,
    "errorPct" : 0.0,
    "meanResTime" : 6899.5679999999975,
    "medianResTime" : 5310.0,
    "minResTime" : 75.0,
    "maxResTime" : 21934.0,
    "pct1ResTime" : 15321.8,
    "pct2ResTime" : 17352.6,
    "pct3ResTime" : 20075.58,
    "throughput" : 39.58671469854717,
    "receivedKBytesPerSec" : 13.859138716796643,
    "sentKBytesPerSec" : 9.355454059617593
  }
}