{
  "23 Get Stock Portfolio Request" : {
    "transaction" : "23 Get Stock Portfolio Request",
    "sampleCount" : 1000,
    "errorCount" : 934,
    "errorPct" : 93.4,
    "meanResTime" : 57.17100000000001,
    "medianResTime" : 31.0,
    "minResTime" : 2.0,
    "maxResTime" : 458.0,
    "pct1ResTime" : 148.0,
    "pct2ResTime" : 204.0,
    "pct3ResTime" : 368.7700000000002,
    "throughput" : 68.3433570256971,
    "receivedKBytesPerSec" : 12.427545362903226,
    "sentKBytesPerSec" : 24.00640505399125
  },
  "16 Get Stock Prices Request" : {
    "transaction" : "16 Get Stock Prices Request",
    "sampleCount" : 1000,
    "errorCount" : 0,
    "errorPct" : 0.0,
    "meanResTime" : 9.735999999999999,
    "medianResTime" : 5.0,
    "minResTime" : 1.0,
    "maxResTime" : 214.0,
    "pct1ResTime" : 16.0,
    "pct2ResTime" : 31.0,
    "pct3ResTime" : 121.97000000000003,
    "throughput" : 67.89788158609451,
    "receivedKBytesPerSec" : 24.334494670016294,
    "sentKBytesPerSec" : 23.651007010456276
  },
  "14 Register Request" : {
    "transaction" : "14 Register Request",
    "sampleCount" : 1000,
    "errorCount" : 0,
    "errorPct" : 0.0,
    "meanResTime" : 49.207999999999984,
    "medianResTime" : 23.0,
    "minResTime" : 3.0,
    "maxResTime" : 452.0,
    "pct1ResTime" : 128.89999999999998,
    "pct2ResTime" : 183.0,
    "pct3ResTime" : 312.8100000000002,
    "throughput" : 67.39906989283548,
    "receivedKBytesPerSec" : 11.979131562984431,
    "sentKBytesPerSec" : 18.543366562478937
  },
  "19 Place Stock Order Request" : {
    "transaction" : "19 Place Stock Order Request",
    "sampleCount" : 1000,
    "errorCount" : 0,
    "errorPct" : 0.0,
    "meanResTime" : 387.4669999999999,
    "medianResTime" : 348.0,
    "minResTime" : 255.0,
    "maxResTime" : 1012.0,
    "pct1ResTime" : 541.9,
    "pct2ResTime" : 652.8999999999999,
    "pct3ResTime" : 871.8800000000001,
    "throughput" : 65.72893387669251,
    "receivedKBytesPerSec" : 11.682290981990272,
    "sentKBytesPerSec" : 31.625117079663468
  },
  "Total" : {
    "transaction" : "Total",
    "sampleCount" : 10000,
    "errorCount" : 3848,
    "errorPct" : 38.48,
    "meanResTime" : 90.60729999999963,
    "medianResTime" : 36.0,
    "minResTime" : 1.0,
    "maxResTime" : 1012.0,
    "pct1ResTime" : 302.89999999999964,
    "pct2ResTime" : 374.0,
    "pct3ResTime" : 547.9899999999998,
    "throughput" : 502.739932632849,
    "receivedKBytesPerSec" : 122.86870671723393,
    "sentKBytesPerSec" : 175.9877955953698
  },
  "20 Get Stock Transactions Request" : {
    "transaction" : "20 Get Stock Transactions Request",
    "sampleCount" : 1000,
    "errorCount" : 977,
    "errorPct" : 97.7,
    "meanResTime" : 70.18800000000005,
    "medianResTime" : 40.0,
    "minResTime" : 2.0,
    "maxResTime" : 460.0,
    "pct1ResTime" : 174.0,
    "pct2ResTime" : 240.0,
    "pct3ResTime" : 397.98,
    "throughput" : 67.11409395973155,
    "receivedKBytesPerSec" : 30.337274538590602,
    "sentKBytesPerSec" : 23.771235318791945
  },
  "17 Add Money Request" : {
    "transaction" : "17 Add Money Request",
    "sampleCount" : 1000,
    "errorCount" : 0,
    "errorPct" : 0.0,
    "meanResTime" : 92.60599999999994,
    "medianResTime" : 51.0,
    "minResTime" : 3.0,
    "maxResTime" : 650.0,
    "pct1ResTime" : 241.69999999999993,
    "pct2ResTime" : 351.5499999999994,
    "pct3ResTime" : 544.7300000000002,
    "throughput" : 67.90710308298247,
    "receivedKBytesPerSec" : 12.069426524514464,
    "sentKBytesPerSec" : 26.24052483702295
  },
  "18 Get Wallet Balance Request" : {
    "transaction" : "18 Get Wallet Balance Request",
    "sampleCount" : 1000,
    "errorCount" : 0,
    "errorPct" : 0.0,
    "meanResTime" : 68.03000000000004,
    "medianResTime" : 43.5,
    "minResTime" : 2.0,
    "maxResTime" : 456.0,
    "pct1ResTime" : 163.0,
    "pct2ResTime" : 232.89999999999986,
    "pct3ResTime" : 405.99,
    "throughput" : 67.48549061951681,
    "receivedKBytesPerSec" : 12.851240889458767,
    "sentKBytesPerSec" : 23.639165626265353
  },
  "22 Get Wallet Balance Request" : {
    "transaction" : "22 Get Wallet Balance Request",
    "sampleCount" : 1000,
    "errorCount" : 960,
    "errorPct" : 96.0,
    "meanResTime" : 59.58400000000001,
    "medianResTime" : 36.0,
    "minResTime" : 1.0,
    "maxResTime" : 463.0,
    "pct1ResTime" : 139.0,
    "pct2ResTime" : 238.94999999999993,
    "pct3ResTime" : 401.85000000000014,
    "throughput" : 67.93478260869564,
    "receivedKBytesPerSec" : 12.934145720108695,
    "sentKBytesPerSec" : 23.79654594089674
  },
  "15 Login Request" : {
    "transaction" : "15 Login Request",
    "sampleCount" : 1000,
    "errorCount" : 0,
    "errorPct" : 0.0,
    "meanResTime" : 43.47300000000001,
    "medianResTime" : 20.0,
    "minResTime" : 2.0,
    "maxResTime" : 382.0,
    "pct1ResTime" : 116.0,
    "pct2ResTime" : 167.94999999999993,
    "pct3ResTime" : 263.96000000000004,
    "throughput" : 67.90249202145719,
    "receivedKBytesPerSec" : 24.183101191688735,
    "sentKBytesPerSec" : 16.864220479391594
  },
  "21 Get Wallet Transactions Request" : {
    "transaction" : "21 Get Wallet Transactions Request",
    "sampleCount" : 1000,
    "errorCount" : 977,
    "errorPct" : 97.7,
    "meanResTime" : 68.60999999999977,
    "medianResTime" : 42.0,
    "minResTime" : 1.0,
    "maxResTime" : 506.0,
    "pct1ResTime" : 172.0,
    "pct2ResTime" : 247.0,
    "pct3ResTime" : 381.0,
    "throughput" : 67.39906989283548,
    "receivedKBytesPerSec" : 12.236287975163442,
    "sentKBytesPerSec" : 23.937990749477656
  }
}