{
  "23 Get Stock Portfolio Request" : {
    "transaction" : "23 Get Stock Portfolio Request",
    "sampleCount" : 5000,
    "errorCount" : 4951,
    "errorPct" : 99.02,
    "meanResTime" : 991.6196000000019,
    "medianResTime" : 611.0,
    "minResTime" : 0.0,
    "maxResTime" : 5244.0,
    "pct1ResTime" : 2368.9000000000005,
    "pct2ResTime" : 2896.95,
    "pct3ResTime" : 4028.9799999999996,
    "throughput" : 177.71459036786922,
    "receivedKBytesPerSec" : 32.75352791229785,
    "sentKBytesPerSec" : 60.65575989648125
  },
  "16 Get Stock Prices Request" : {
    "transaction" : "16 Get Stock Prices Request",
    "sampleCount" : 5000,
    "errorCount" : 179,
    "errorPct" : 3.58,
    "meanResTime" : 616.0141999999989,
    "medianResTime" : 304.5,
    "minResTime" : 0.0,
    "maxResTime" : 3228.0,
    "pct1ResTime" : 1657.9000000000005,
    "pct2ResTime" : 2040.0,
    "pct3ResTime" : 2382.0,
    "throughput" : 175.68517217146874,
    "receivedKBytesPerSec" : 68.28505193692902,
    "sentKBytesPerSec" : 58.49931921995783
  },
  "14 Register Request" : {
    "transaction" : "14 Register Request",
    "sampleCount" : 5000,
    "errorCount" : 0,
    "errorPct" : 0.0,
    "meanResTime" : 984.3053999999986,
    "medianResTime" : 955.5,
    "minResTime" : 4.0,
    "maxResTime" : 4060.0,
    "pct1ResTime" : 1940.9000000000005,
    "pct2ResTime" : 2236.0,
    "pct3ResTime" : 3045.8899999999976,
    "throughput" : 214.65676383462844,
    "receivedKBytesPerSec" : 38.151885759670286,
    "sentKBytesPerSec" : 56.32354509670287
  },
  "19 Place Stock Order Request" : {
    "transaction" : "19 Place Stock Order Request",
    "sampleCount" : 5000,
    "errorCount" : 348,
    "errorPct" : 6.96,
    "meanResTime" : 2276.4697999999953,
    "medianResTime" : 2177.0,
    "minResTime" : 0.0,
    "maxResTime" : 5492.0,
    "pct1ResTime" : 3658.0,
    "pct2ResTime" : 4042.95,
    "pct3ResTime" : 4606.98,
    "throughput" : 157.1486940943521,
    "receivedKBytesPerSec" : 31.573720171213502,
    "sentKBytesPerSec" : 73.40737778742496
  },
  "Total" : {
    "transaction" : "Total",
    "sampleCount" : 50000,
    "errorCount" : 21179,
    "errorPct" : 42.358,
    "meanResTime" : 1319.867800000002,
    "medianResTime" : 1212.0,
    "minResTime" : 0.0,
    "maxResTime" : 6176.0,
    "pct1ResTime" : 2817.9000000000015,
    "pct2ResTime" : 3447.9000000000015,
    "pct3ResTime" : 4457.930000000011,
    "throughput" : 1346.112427309929,
    "receivedKBytesPerSec" : 357.91738634604513,
    "sentKBytesPerSec" : 451.8944376531203
  },
  "20 Get Stock Transactions Request" : {
    "transaction" : "20 Get Stock Transactions Request",
    "sampleCount" : 5000,
    "errorCount" : 4989,
    "errorPct" : 99.78,
    "meanResTime" : 1474.2384000000036,
    "medianResTime" : 1327.5,
    "minResTime" : 0.0,
    "maxResTime" : 5027.0,
    "pct1ResTime" : 2841.600000000002,
    "pct2ResTime" : 3378.8499999999995,
    "pct3ResTime" : 4250.939999999999,
    "throughput" : 162.43786751567526,
    "receivedKBytesPerSec" : 74.11154735266885,
    "sentKBytesPerSec" : 55.293754923897865
  },
  "17 Add Money Request" : {
    "transaction" : "17 Add Money Request",
    "sampleCount" : 5000,
    "errorCount" : 302,
    "errorPct" : 6.04,
    "meanResTime" : 1789.0510000000006,
    "medianResTime" : 1650.0,
    "minResTime" : 0.0,
    "maxResTime" : 6176.0,
    "pct1ResTime" : 3522.7000000000016,
    "pct2ResTime" : 4096.95,
    "pct3ResTime" : 5173.309999999985,
    "throughput" : 158.5188003297191,
    "receivedKBytesPerSec" : 41.171635983371374,
    "sentKBytesPerSec" : 57.21853748573331
  },
  "18 Get Wallet Balance Request" : {
    "transaction" : "18 Get Wallet Balance Request",
    "sampleCount" : 5000,
    "errorCount" : 370,
    "errorPct" : 7.4,
    "meanResTime" : 1528.2335999999991,
    "medianResTime" : 1354.0,
    "minResTime" : 0.0,
    "maxResTime" : 5324.0,
    "pct1ResTime" : 3039.9000000000005,
    "pct2ResTime" : 3689.8499999999995,
    "pct3ResTime" : 4391.9299999999985,
    "throughput" : 157.68393831404333,
    "receivedKBytesPerSec" : 34.09674944416412,
    "sentKBytesPerSec" : 53.12236372165631
  },
  "22 Get Wallet Balance Request" : {
    "transaction" : "22 Get Wallet Balance Request",
    "sampleCount" : 5000,
    "errorCount" : 4970,
    "errorPct" : 99.4,
    "meanResTime" : 1254.0370000000016,
    "medianResTime" : 1009.0,
    "minResTime" : 0.0,
    "maxResTime" : 5561.0,
    "pct1ResTime" : 2608.9000000000005,
    "pct2ResTime" : 3240.95,
    "pct3ResTime" : 4299.98,
    "throughput" : 174.89244114869356,
    "receivedKBytesPerSec" : 35.77151614257232,
    "sentKBytesPerSec" : 59.29403709687293
  },
  "15 Login Request" : {
    "transaction" : "15 Login Request",
    "sampleCount" : 5000,
    "errorCount" : 81,
    "errorPct" : 1.62,
    "meanResTime" : 995.3914000000008,
    "medianResTime" : 859.0,
    "minResTime" : 0.0,
    "maxResTime" : 4454.0,
    "pct1ResTime" : 2062.800000000001,
    "pct2ResTime" : 2397.7999999999993,
    "pct3ResTime" : 3311.6899999999932,
    "throughput" : 198.71234401080994,
    "receivedKBytesPerSec" : 74.95414091685876,
    "sentKBytesPerSec" : 46.20054236050394
  },
  "21 Get Wallet Transactions Request" : {
    "transaction" : "21 Get Wallet Transactions Request",
    "sampleCount" : 5000,
    "errorCount" : 4989,
    "errorPct" : 99.78,
    "meanResTime" : 1289.3176000000017,
    "medianResTime" : 1095.5,
    "minResTime" : 0.0,
    "maxResTime" : 5311.0,
    "pct1ResTime" : 2549.800000000001,
    "pct2ResTime" : 3150.95,
    "pct3ResTime" : 4094.99,
    "throughput" : 171.6974005013564,
    "receivedKBytesPerSec" : 33.19296400149377,
    "sentKBytesPerSec" : 58.970612380241064
  }
}