{
  "23 Get Stock Portfolio Request" : {
    "transaction" : "23 Get Stock Portfolio Request",
    "sampleCount" : 1000,
    "errorCount" : 0,
    "errorPct" : 0.0,
    "meanResTime" : 16.46599999999996,
    "medianResTime" : 6.0,
    "minResTime" : 1.0,
    "maxResTime" : 165.0,
    "pct1ResTime" : 44.0,
    "pct2ResTime" : 71.94999999999993,
    "pct3ResTime" : 133.97000000000003,
    "throughput" : 69.26167059149466,
    "receivedKBytesPerSec" : 18.532907951239782,
    "sentKBytesPerSec" : 24.328973455464745
  },
  "16 Get Stock Prices Request" : {
    "transaction" : "16 Get Stock Prices Request",
    "sampleCount" : 1000,
    "errorCount" : 0,
    "errorPct" : 0.0,
    "meanResTime" : 4.307999999999998,
    "medianResTime" : 3.0,
    "minResTime" : 1.0,
    "maxResTime" : 53.0,
    "pct1ResTime" : 7.0,
    "pct2ResTime" : 12.0,
    "pct3ResTime" : 27.0,
    "throughput" : 67.78282383244085,
    "receivedKBytesPerSec" : 24.293258150884565,
    "sentKBytesPerSec" : 23.610928709415035
  },
  "14 Register Request" : {
    "transaction" : "14 Register Request",
    "sampleCount" : 1000,
    "errorCount" : 0,
    "errorPct" : 0.0,
    "meanResTime" : 19.256999999999984,
    "medianResTime" : 10.0,
    "minResTime" : 3.0,
    "maxResTime" : 339.0,
    "pct1ResTime" : 41.0,
    "pct2ResTime" : 72.0,
    "pct3ResTime" : 154.9000000000001,
    "throughput" : 67.29475100942128,
    "receivedKBytesPerSec" : 11.960590511440108,
    "sentKBytesPerSec" : 18.514665524057875
  },
  "19 Place Stock Order Request" : {
    "transaction" : "19 Place Stock Order Request",
    "sampleCount" : 1000,
    "errorCount" : 0,
    "errorPct" : 0.0,
    "meanResTime" : 319.1389999999995,
    "medianResTime" : 280.0,
    "minResTime" : 252.0,
    "maxResTime" : 1109.0,
    "pct1ResTime" : 392.39999999999986,
    "pct2ResTime" : 563.8999999999985,
    "pct3ResTime" : 899.7100000000003,
    "throughput" : 66.85385746757588,
    "receivedKBytesPerSec" : 11.882228573338681,
    "sentKBytesPerSec" : 32.16636791349111
  },
  "Total" : {
    "transaction" : "Total",
    "sampleCount" : 10000,
    "errorCount" : 568,
    "errorPct" : 5.68,
    "meanResTime" : 48.315100000000115,
    "medianResTime" : 9.0,
    "minResTime" : 1.0,
    "maxResTime" : 1109.0,
    "pct1ResTime" : 253.0,
    "pct2ResTime" : 280.0,
    "pct3ResTime" : 392.9399999999987,
    "throughput" : 508.64699898270607,
    "receivedKBytesPerSec" : 139.13189256421668,
    "sentKBytesPerSec" : 178.05560743578332
  },
  "20 Get Stock Transactions Request" : {
    "transaction" : "20 Get Stock Transactions Request",
    "sampleCount" : 1000,
    "errorCount" : 284,
    "errorPct" : 28.4,
    "meanResTime" : 18.118000000000013,
    "medianResTime" : 8.0,
    "minResTime" : 1.0,
    "maxResTime" : 231.0,
    "pct1ResTime" : 43.0,
    "pct2ResTime" : 65.94999999999993,
    "pct3ResTime" : 120.0,
    "throughput" : 69.05123601712471,
    "receivedKBytesPerSec" : 34.539644040878336,
    "sentKBytesPerSec" : 24.45735438820605
  },
  "17 Add Money Request" : {
    "transaction" : "17 Add Money Request",
    "sampleCount" : 1000,
    "errorCount" : 0,
    "errorPct" : 0.0,
    "meanResTime" : 32.011,
    "medianResTime" : 14.0,
    "minResTime" : 1.0,
    "maxResTime" : 243.0,
    "pct1ResTime" : 84.0,
    "pct2ResTime" : 125.0,
    "pct3ResTime" : 214.0,
    "throughput" : 67.8472080873872,
    "receivedKBytesPerSec" : 12.058781124906709,
    "sentKBytesPerSec" : 26.217380334486734
  },
  "18 Get Wallet Balance Request" : {
    "transaction" : "18 Get Wallet Balance Request",
    "sampleCount" : 1000,
    "errorCount" : 0,
    "errorPct" : 0.0,
    "meanResTime" : 23.603,
    "medianResTime" : 11.0,
    "minResTime" : 1.0,
    "maxResTime" : 261.0,
    "pct1ResTime" : 59.89999999999998,
    "pct2ResTime" : 93.0,
    "pct3ResTime" : 156.99,
    "throughput" : 67.97172376291464,
    "receivedKBytesPerSec" : 12.943834115008157,
    "sentKBytesPerSec" : 23.809485878874387
  },
  "22 Get Wallet Balance Request" : {
    "transaction" : "22 Get Wallet Balance Request",
    "sampleCount" : 1000,
    "errorCount" : 0,
    "errorPct" : 0.0,
    "meanResTime" : 16.38300000000001,
    "medianResTime" : 7.0,
    "minResTime" : 1.0,
    "maxResTime" : 262.0,
    "pct1ResTime" : 41.0,
    "pct2ResTime" : 61.0,
    "pct3ResTime" : 120.8900000000001,
    "throughput" : 69.25207756232687,
    "receivedKBytesPerSec" : 13.120022506925208,
    "sentKBytesPerSec" : 24.25797480955679
  },
  "15 Login Request" : {
    "transaction" : "15 Login Request",
    "sampleCount" : 1000,
    "errorCount" : 0,
    "errorPct" : 0.0,
    "meanResTime" : 15.882,
    "medianResTime" : 8.0,
    "minResTime" : 1.0,
    "maxResTime" : 314.0,
    "pct1ResTime" : 34.0,
    "pct2ResTime" : 54.899999999999864,
    "pct3ResTime" : 127.83000000000015,
    "throughput" : 67.72773450728073,
    "receivedKBytesPerSec" : 24.120862258719946,
    "sentKBytesPerSec" : 16.820817812394175
  },
  "21 Get Wallet Transactions Request" : {
    "transaction" : "21 Get Wallet Transactions Request",
    "sampleCount" : 1000,
    "errorCount" : 284,
    "errorPct" : 28.4,
    "meanResTime" : 17.984000000000016,
    "medianResTime" : 8.0,
    "minResTime" : 1.0,
    "maxResTime" : 211.0,
    "pct1ResTime" : 51.0,
    "pct2ResTime" : 67.0,
    "pct3ResTime" : 126.0,
    "throughput" : 69.20894179527996,
    "receivedKBytesPerSec" : 23.52570084867465,
    "sentKBytesPerSec" : 24.58079927676656
  }
}