{
  "16 Get Stock Prices Request" : {
    "transaction" : "16 Get Stock Prices Request",
    "sampleCount" : 388,
    "errorCount" : 388,
    "errorPct" : 100.0,
    "meanResTime" : 8.463917525773192,
    "medianResTime" : 5.0,
    "minResTime" : 0.0,
    "maxResTime" : 156.0,
    "pct1ResTime" : 17.200000000000045,
    "pct2ResTime" : 31.09999999999991,
    "pct3ResTime" : 64.6500000000002,
    "throughput" : 4.623230541918878,
    "receivedKBytesPerSec" : 1.2347015603403078,
    "sentKBytesPerSec" : 1.5435049494185213
  },
  "14 Register Request" : {
    "transaction" : "14 Register Request",
    "sampleCount" : 10000,
    "errorCount" : 5976,
    "errorPct" : 59.76,
    "meanResTime" : 20437.595199999996,
    "medianResTime" : 7147.0,
    "minResTime" : 0.0,
    "maxResTime" : 60620.0,
    "pct1ResTime" : 60008.0,
    "pct2ResTime" : 60031.0,
    "pct3ResTime" : 60133.0,
    "throughput" : 119.91414147470411,
    "receivedKBytesPerSec" : 123.4432006058662,
    "sentKBytesPerSec" : 17.275412054968644
  },
  "Total" : {
    "transaction" : "Total",
    "sampleCount" : 14322,
    "errorCount" : 8516,
    "errorPct" : 59.460968,
    "meanResTime" : 19063.750314201934,
    "medianResTime" : 4128.5,
    "minResTime" : 0.0,
    "maxResTime" : 60620.0,
    "pct1ResTime" : 60004.0,
    "pct2ResTime" : 60015.0,
    "pct3ResTime" : 60116.0,
    "throughput" : 148.84484675902348,
    "receivedKBytesPerSec" : 150.62721211131145,
    "sentKBytesPerSec" : 21.952819713212293
  },
  "15 Login Request" : {
    "transaction" : "15 Login Request",
    "sampleCount" : 3934,
    "errorCount" : 2152,
    "errorPct" : 54.70259,
    "meanResTime" : 17450.888662938447,
    "medianResTime" : 17.5,
    "minResTime" : 0.0,
    "maxResTime" : 60069.0,
    "pct1ResTime" : 48105.5,
    "pct2ResTime" : 56206.25,
    "pct3ResTime" : 60009.0,
    "throughput" : 41.916614279777946,
    "receivedKBytesPerSec" : 43.63825402158162,
    "sentKBytesPerSec" : 5.7764452787870395
  }
}