{
  "23 Get Stock Portfolio Request" : {
    "transaction" : "23 Get Stock Portfolio Request",
    "sampleCount" : 1000,
    "errorCount" : 913,
    "errorPct" : 91.3,
    "meanResTime" : 57.51999999999998,
    "medianResTime" : 33.0,
    "minResTime" : 1.0,
    "maxResTime" : 453.0,
    "pct1ResTime" : 141.89999999999998,
    "pct2ResTime" : 212.94999999999993,
    "pct3ResTime" : 322.94000000000005,
    "throughput" : 68.3900971139379,
    "receivedKBytesPerSec" : 12.567882514361921,
    "sentKBytesPerSec" : 24.022823057721244
  },
  "16 Get Stock Prices Request" : {
    "transaction" : "16 Get Stock Prices Request",
    "sampleCount" : 1000,
    "errorCount" : 0,
    "errorPct" : 0.0,
    "meanResTime" : 8.137999999999984,
    "medianResTime" : 4.0,
    "minResTime" : 1.0,
    "maxResTime" : 247.0,
    "pct1ResTime" : 12.0,
    "pct2ResTime" : 23.0,
    "pct3ResTime" : 89.95000000000005,
    "throughput" : 67.91171477079797,
    "receivedKBytesPerSec" : 24.33945246179966,
    "sentKBytesPerSec" : 23.655825551782684
  },
  "14 Register Request" : {
    "transaction" : "14 Register Request",
    "sampleCount" : 1000,
    "errorCount" : 0,
    "errorPct" : 0.0,
    "meanResTime" : 43.803000000000054,
    "medianResTime" : 21.0,
    "minResTime" : 3.0,
    "maxResTime" : 398.0,
    "pct1ResTime" : 120.0,
    "pct2ResTime" : 166.94999999999993,
    "pct3ResTime" : 235.0,
    "throughput" : 67.43088334457181,
    "receivedKBytesPerSec" : 11.984785906945381,
    "sentKBytesPerSec" : 18.552119331591367
  },
  "19 Place Stock Order Request" : {
    "transaction" : "19 Place Stock Order Request",
    "sampleCount" : 1000,
    "errorCount" : 0,
    "errorPct" : 0.0,
    "meanResTime" : 380.62499999999994,
    "medianResTime" : 339.0,
    "minResTime" : 258.0,
    "maxResTime" : 900.0,
    "pct1ResTime" : 549.9,
    "pct2ResTime" : 675.8999999999999,
    "pct3ResTime" : 783.9300000000001,
    "throughput" : 66.25149065853982,
    "receivedKBytesPerSec" : 11.775167285013913,
    "sentKBytesPerSec" : 31.876542417516895
  },
  "Total" : {
    "transaction" : "Total",
    "sampleCount" : 10000,
    "errorCount" : 3805,
    "errorPct" : 38.05,
    "meanResTime" : 88.22210000000004,
    "medianResTime" : 33.0,
    "minResTime" : 1.0,
    "maxResTime" : 900.0,
    "pct1ResTime" : 292.0,
    "pct2ResTime" : 362.0,
    "pct3ResTime" : 552.9699999999993,
    "throughput" : 505.48450689986356,
    "receivedKBytesPerSec" : 123.76057568366778,
    "sentKBytesPerSec" : 176.9485539194005
  },
  "20 Get Stock Transactions Request" : {
    "transaction" : "20 Get Stock Transactions Request",
    "sampleCount" : 1000,
    "errorCount" : 972,
    "errorPct" : 97.2,
    "meanResTime" : 66.53500000000004,
    "medianResTime" : 39.0,
    "minResTime" : 2.0,
    "maxResTime" : 406.0,
    "pct1ResTime" : 161.0,
    "pct2ResTime" : 255.89999999999986,
    "pct3ResTime" : 374.0,
    "throughput" : 67.5401864109145,
    "receivedKBytesPerSec" : 30.542411015804404,
    "sentKBytesPerSec" : 23.922153603268946
  },
  "17 Add Money Request" : {
    "transaction" : "17 Add Money Request",
    "sampleCount" : 1000,
    "errorCount" : 0,
    "errorPct" : 0.0,
    "meanResTime" : 90.96299999999997,
    "medianResTime" : 48.0,
    "minResTime" : 2.0,
    "maxResTime" : 563.0,
    "pct1ResTime" : 230.0,
    "pct2ResTime" : 366.5499999999994,
    "pct3ResTime" : 485.9100000000001,
    "throughput" : 67.79201410073892,
    "receivedKBytesPerSec" : 12.048971256186022,
    "sentKBytesPerSec" : 26.196052386278897
  },
  "18 Get Wallet Balance Request" : {
    "transaction" : "18 Get Wallet Balance Request",
    "sampleCount" : 1000,
    "errorCount" : 0,
    "errorPct" : 0.0,
    "meanResTime" : 61.472999999999985,
    "medianResTime" : 36.0,
    "minResTime" : 2.0,
    "maxResTime" : 443.0,
    "pct1ResTime" : 154.89999999999998,
    "pct2ResTime" : 224.79999999999973,
    "pct3ResTime" : 320.98,
    "throughput" : 67.80580417683754,
    "receivedKBytesPerSec" : 12.912238100081368,
    "sentKBytesPerSec" : 23.75136671074044
  },
  "22 Get Wallet Balance Request" : {
    "transaction" : "22 Get Wallet Balance Request",
    "sampleCount" : 1000,
    "errorCount" : 948,
    "errorPct" : 94.8,
    "meanResTime" : 67.22999999999989,
    "medianResTime" : 36.0,
    "minResTime" : 2.0,
    "maxResTime" : 427.0,
    "pct1ResTime" : 191.69999999999993,
    "pct2ResTime" : 264.94999999999993,
    "pct3ResTime" : 364.8800000000001,
    "throughput" : 67.76904310111141,
    "receivedKBytesPerSec" : 12.901796303198699,
    "sentKBytesPerSec" : 23.738489851585797
  },
  "15 Login Request" : {
    "transaction" : "15 Login Request",
    "sampleCount" : 1000,
    "errorCount" : 0,
    "errorPct" : 0.0,
    "meanResTime" : 42.105000000000025,
    "medianResTime" : 19.0,
    "minResTime" : 2.0,
    "maxResTime" : 424.0,
    "pct1ResTime" : 114.0,
    "pct2ResTime" : 154.0,
    "pct3ResTime" : 265.8800000000001,
    "throughput" : 67.87944610371979,
    "receivedKBytesPerSec" : 24.174893514118924,
    "sentKBytesPerSec" : 16.858496809666033
  },
  "21 Get Wallet Transactions Request" : {
    "transaction" : "21 Get Wallet Transactions Request",
    "sampleCount" : 1000,
    "errorCount" : 972,
    "errorPct" : 97.2,
    "meanResTime" : 63.8290000000001,
    "medianResTime" : 39.0,
    "minResTime" : 2.0,
    "maxResTime" : 478.0,
    "pct1ResTime" : 166.0,
    "pct2ResTime" : 223.94999999999993,
    "pct3ResTime" : 330.98,
    "throughput" : 67.6956404007582,
    "receivedKBytesPerSec" : 12.443965991402653,
    "sentKBytesPerSec" : 24.04332309436772
  }
}