{
  "23 Get Stock Portfolio Request" : {
    "transaction" : "23 Get Stock Portfolio Request",
    "sampleCount" : 17000,
    "errorCount" : 0,
    "errorPct" : 0.0,
    "meanResTime" : 787.1875294117724,
    "medianResTime" : 588.0,
    "minResTime" : 1.0,
    "maxResTime" : 4755.0,
    "pct1ResTime" : 1898.8999999999996,
    "pct2ResTime" : 2562.949999999999,
    "pct3ResTime" : 3264.0,
    "throughput" : 254.88402776736586,
    "receivedKBytesPerSec" : 66.45901895887371,
    "sentKBytesPerSec" : 87.3977681951587
  },
  "16 Get Stock Prices Request" : {
    "transaction" : "16 Get Stock Prices Request",
    "sampleCount" : 17000,
    "errorCount" : 0,
    "errorPct" : 0.0,
    "meanResTime" : 81.02788235294113,
    "medianResTime" : 36.0,
    "minResTime" : 1.0,
    "maxResTime" : 1099.0,
    "pct1ResTime" : 215.0,
    "pct2ResTime" : 302.0,
    "pct3ResTime" : 518.9900000000016,
    "throughput" : 249.70622796709753,
    "receivedKBytesPerSec" : 87.78734576968273,
    "sentKBytesPerSec" : 84.89077934507198
  },
  "14 Register Request" : {
    "transaction" : "14 Register Request",
    "sampleCount" : 17000,
    "errorCount" : 0,
    "errorPct" : 0.0,
    "meanResTime" : 309.2698235294124,
    "medianResTime" : 260.0,
    "minResTime" : 2.0,
    "maxResTime" : 1139.0,
    "pct1ResTime" : 657.0,
    "pct2ResTime" : 784.0,
    "pct3ResTime" : 905.0,
    "throughput" : 249.500998003992,
    "receivedKBytesPerSec" : 42.63933071357286,
    "sentKBytesPerSec" : 67.73817369855877
  },
  "19 Place Stock Order Request" : {
    "transaction" : "19 Place Stock Order Request",
    "sampleCount" : 17000,
    "errorCount" : 0,
    "errorPct" : 0.0,
    "meanResTime" : 2308.8099411764683,
    "medianResTime" : 1859.5,
    "minResTime" : 284.0,
    "maxResTime" : 9011.0,
    "pct1ResTime" : 4306.9,
    "pct2ResTime" : 4943.949999999999,
    "pct3ResTime" : 6137.990000000002,
    "throughput" : 246.39466628016524,
    "receivedKBytesPerSec" : 42.10846347561417,
    "sentKBytesPerSec" : 116.48926382799478
  },
  "Total" : {
    "transaction" : "Total",
    "sampleCount" : 170000,
    "errorCount" : 0,
    "errorPct" : 0.0,
    "meanResTime" : 1156.104588235288,
    "medianResTime" : 35.0,
    "minResTime" : 1.0,
    "maxResTime" : 12615.0,
    "pct1ResTime" : 667.0,
    "pct2ResTime" : 1027.0,
    "pct3ResTime" : 1592.7300000000432,
    "throughput" : 2163.593091774528,
    "receivedKBytesPerSec" : 574.9414184301542,
    "sentKBytesPerSec" : 742.9216525754713
  },
  "20 Get Stock Transactions Request" : {
    "transaction" : "20 Get Stock Transactions Request",
    "sampleCount" : 17000,
    "errorCount" : 0,
    "errorPct" : 0.0,
    "meanResTime" : 891.3882352941148,
    "medianResTime" : 689.0,
    "minResTime" : 2.0,
    "maxResTime" : 8188.0,
    "pct1ResTime" : 1977.0,
    "pct2ResTime" : 2517.949999999999,
    "pct3ResTime" : 4458.470000000085,
    "throughput" : 247.90737014028642,
    "receivedKBytesPerSec" : 119.35384128824336,
    "sentKBytesPerSec" : 85.73181720203722
  },
  "17 Add Money Request" : {
    "transaction" : "17 Add Money Request",
    "sampleCount" : 17000,
    "errorCount" : 0,
    "errorPct" : 0.0,
    "meanResTime" : 2922.8767647058817,
    "medianResTime" : 1859.5,
    "minResTime" : 6.0,
    "maxResTime" : 12615.0,
    "pct1ResTime" : 6926.0,
    "pct2ResTime" : 7776.899999999998,
    "pct3ResTime" : 9679.0,
    "throughput" : 248.53074471506682,
    "receivedKBytesPerSec" : 42.4735159425163,
    "sentKBytesPerSec" : 93.95668540850414
  },
  "18 Get Wallet Balance Request" : {
    "transaction" : "18 Get Wallet Balance Request",
    "sampleCount" : 17000,
    "errorCount" : 0,
    "errorPct" : 0.0,
    "meanResTime" : 1692.5305294117638,
    "medianResTime" : 1281.0,
    "minResTime" : 7.0,
    "maxResTime" : 10795.0,
    "pct1ResTime" : 3609.8999999999996,
    "pct2ResTime" : 4463.949999999999,
    "pct3ResTime" : 6780.0,
    "throughput" : 248.3274416430512,
    "receivedKBytesPerSec" : 45.591366239153935,
    "sentKBytesPerSec" : 84.90705809127495
  },
  "22 Get Wallet Balance Request" : {
    "transaction" : "22 Get Wallet Balance Request",
    "sampleCount" : 17000,
    "errorCount" : 0,
    "errorPct" : 0.0,
    "meanResTime" : 1407.3647647058785,
    "medianResTime" : 904.5,
    "minResTime" : 1.0,
    "maxResTime" : 9398.0,
    "pct1ResTime" : 3929.0,
    "pct2ResTime" : 4713.899999999998,
    "pct3ResTime" : 6451.410000000094,
    "throughput" : 251.90783136993406,
    "receivedKBytesPerSec" : 46.00269967400163,
    "sentKBytesPerSec" : 86.1312496527006
  },
  "15 Login Request" : {
    "transaction" : "15 Login Request",
    "sampleCount" : 17000,
    "errorCount" : 0,
    "errorPct" : 0.0,
    "meanResTime" : 234.3780000000009,
    "medianResTime" : 185.0,
    "minResTime" : 1.0,
    "maxResTime" : 1241.0,
    "pct1ResTime" : 507.0,
    "pct2ResTime" : 640.0,
    "pct3ResTime" : 878.9900000000016,
    "throughput" : 249.66588829654432,
    "receivedKBytesPerSec" : 85.12087970968999,
    "sentKBytesPerSec" : 62.94453091726513
  },
  "21 Get Wallet Transactions Request" : {
    "transaction" : "21 Get Wallet Transactions Request",
    "sampleCount" : 17000,
    "errorCount" : 0,
    "errorPct" : 0.0,
    "meanResTime" : 926.2124117647021,
    "medianResTime" : 673.5,
    "minResTime" : 1.0,
    "maxResTime" : 8130.0,
    "pct1ResTime" : 2061.0,
    "pct2ResTime" : 2724.0,
    "pct3ResTime" : 4795.81000000003,
    "throughput" : 249.1463075051661,
    "receivedKBytesPerSec" : 85.64404320490085,
    "sentKBytesPerSec" : 86.40357591359752
  }
}